elem,xc_m,yc_m,sigma_x_bottom_MPa,sigma_x_top_MPa,sigma_y_bottom_MPa,sigma_y_top_MPa,rho_x_bottom,rho_x_top,rho_y_bottom,rho_y_top,spacing_x_bottom_mm,spacing_x_top_mm,spacing_y_bottom_mm,spacing_y_top_mm,wk_est_x_bottom_mm,wk_est_x_top_mm,wk_est_y_bottom_mm,wk_est_y_top_mm,wk_est_x_mm,wk_est_y_mm,wk_limit_mm,wk_x_ok,wk_y_ok
0,0.5,0.5,194.45004063725474,275.08151154082844,194.45004063725474,275.08151154084413,0.0034906585039886596,0.0034906585039886596,0.0034906585039886596,0.0034906585039886596,327.24923474893683,327.24923474893683,327.24923474893683,327.24923474893683,0.08288324776746088,0.16587215543401848,0.08288324776746088,0.16587215543403744,0.16587215543401848,0.16587215543403744,0.3,True,True
1,1.5,0.5,267.9062492350456,310.5590062111758,267.9062492350456,310.55900621116365,0.0034906585039886596,0.0034906585039886596,0.0034906585039886596,0.0034906585039886587,327.24923474893683,216.42211730499662,327.24923474893683,308.6112532293359,0.15733174963689486,0.21141653008995334,0.15733174963689486,0.21141653008993674,0.21141653008995334,0.21141653008993674,0.3,True,True
2,2.5,0.5,266.9029286765718,310.5590062111838,266.9029286765718,304.85924596762055,0.0034906585039886596,0.003495242403340982,0.0034906585039886596,0.0034906585039886596,327.24923474893683,187.25409970772301,327.24923474893683,327.24923474893683,0.15615552777587036,0.21141653008996425,0.15615552777587036,0.20372739228783698,0.21141653008996425,0.20372739228783698,0.3,True,True
3,3.5,0.5,198.55541736213885,310.5590062111732,198.55541736213885,211.57866241570142,0.0034906585039886596,0.0034906585039886587,0.0034906585039886596,0.0034906585039886596,327.24923474893683,199.47431235616938,327.24923474893683,327.24923474893683,0.08641998082399878,0.2114165300899498,0.08641998082399878,0.09812833239709652,0.2114165300899498,0.09812833239709652,0.3,True,True
4,4.5,0.5,73.39439596090207,310.55900621116473,78.61634326003389,73.39439596090207,0.0034906585039886596,0.0034906585039886587,0.0034906585039886596,0.0034906585039886596,327.24923474893683,256.1156138250092,327.24923474893683,327.24923474893683,0.011808003824522455,0.21141653008993827,0.013548036642948392,0.011808003824522455,0.21141653008993827,0.013548036642948392,0.3,True,True
5,5.5,0.5,73.39439596095656,310.5590062111915,78.61634326015637,73.39439596095656,0.0034906585039886596,0.0034906585039886587,0.0034906585039886596,0.0034906585039886596,327.24923474893683,256.11561382500656,327.24923474893683,327.24923474893683,0.011808003824539986,0.2114165300899747,0.013548036642990603,0.011808003824539986,0.2114165300899747,0.013548036642990603,0.3,True,True
6,6.5,0.5,198.55541736213962,310.5590062111821,198.55541736213962,211.57866241564548,0.0034906585039886596,0.0034906585039886587,0.0034906585039886596,0.0034906585039886596,327.24923474893683,199.4743123561822,327.24923474893683,327.24923474893683,0.08641998082399945,0.21141653008996195,0.08641998082399945,0.09812833239704465,0.21141653008996195,0.09812833239704465,0.3,True,True
7,7.5,0.5,266.9029286766302,310.5590062111831,266.9029286766302,304.85924596760344,0.0034906585039886596,0.003495242403341337,0.0034906585039886596,0.0034906585039886596,327.24923474893683,187.25409970770397,327.24923474893683,327.24923474893683,0.15615552777593877,0.21141653008996322,0.15615552777593877,0.20372739228781414,0.21141653008996322,0.20372739228781414,0.3,True,True
8,8.5,0.5,267.90624923504294,310.5590062111734,267.90624923504294,310.55900621115535,0.0034906585039886596,0.0034906585039886596,0.0034906585039886596,0.0034906585039886587,327.24923474893683,216.4221173049986,327.24923474893683,308.61125322939324,0.15733174963689175,0.21141653008995007,0.15733174963689175,0.21141653008992548,0.21141653008995007,0.21141653008992548,0.3,True,True
9,9.5,0.5,194.450040637254,275.08151154085124,194.450040637254,275.08151154085937,0.0034906585039886596,0.0034906585039886596,0.0034906585039886596,0.0034906585039886596,327.24923474893683,327.24923474893683,327.24923474893683,327.24923474893683,0.08288324776746024,0.16587215543404596,0.08288324776746024,0.16587215543405576,0.16587215543404596,0.16587215543405576,0.3,True,True
10,0.5,1.5,267.90624923503975,310.55900621118144,267.90624923503975,310.5590062111921,0.0034906585039886596,0.0034906585039886596,0.0034906585039886596,0.0034906585039886596,327.24923474893683,308.6112532293995,327.24923474893683,216.42211730498715,0.157331749636888,0.211416530089961,0.157331749636888,0.21141653008997557,0.211416530089961,0.21141653008997557,0.3,True,True
11,1.5,1.5,310.559006211181,310.55900621118536,310.559006211181,310.5590062111912,0.0034906585039886587,0.0034906585039886587,0.0034906585039886587,0.0034906585039886596,295.8067367852874,196.72860585406002,295.8067367852874,196.72860585405076,0.2114165300899604,0.21141653008996633,0.2114165300899604,0.2114165300899743,0.21141653008996633,0.2114165300899743,0.3,True,True
12,2.5,1.5,310.5590062111861,310.5590062111837,310.5590062111861,310.5590062112023,0.0034906585039886587,0.004398897218522328,0.0034906585039886587,0.0034906585039886596,286.59732352205515,148.78694295060887,286.59732352205515,212.55148370208437,0.2114165300899673,0.2114165300899641,0.2114165300899673,0.2114165300899894,0.2114165300899673,0.2114165300899894,0.3,True,True
13,3.5,1.5,273.01809279602196,310.55900621117837,273.01809279602196,310.55900621119133,0.0034906585039886596,0.004688347593367575,0.0034906585039886596,0.0034906585039886596,327.24923474893683,139.60109750048554,327.24923474893683,318.48491183005837,0.16339303546204403,0.2114165300899568,0.16339303546204403,0.21141653008997446,0.2114165300899568,0.21141653008997446,0.3,True,True
14,4.5,1.5,102.33523428664509,310.5590062111792,112.7255878067808,102.33523428664509,0.0034906585039886596,0.004012301749882453,0.0034906585039886596,0.0034906585039886596,327.24923474893683,163.1229429633622,327.24923474893683,327.24923474893683,0.022956256061401212,0.21141653008995798,0.027854521430328693,0.022956256061401212,0.21141653008995798,0.027854521430328693,0.3,True,True
15,5.5,1.5,102.33523428666385,310.5590062111775,112.72558780680234,102.33523428666385,0.0034906585039886596,0.004012301749882545,0.0034906585039886596,0.0034906585039886596,327.24923474893683,163.12294296335844,327.24923474893683,327.24923474893683,0.022956256061409625,0.21141653008995562,0.02785452143033934,0.022956256061409625,0.21141653008995562,0.02785452143033934,0.3,True,True
16,6.5,1.5,273.01809279605084,310.55900621118246,273.01809279605084,310.55900621117775,0.0034906585039886596,0.0046883475933676465,0.0034906585039886596,0.0034906585039886596,327.24923474893683,139.6010975004834,327.24923474893683,318.4849118300326,0.1633930354620786,0.21141653008996236,0.1633930354620786,0.21141653008995595,0.21141653008996236,0.21141653008995595,0.3,True,True
17,7.5,1.5,310.5590062111754,310.559006211178,310.5590062111754,310.55900621117337,0.0034906585039886596,0.004398897218522625,0.0034906585039886596,0.0034906585039886596,286.59732352202644,148.7869429505988,286.59732352202644,212.55148370206055,0.21141653008995276,0.21141653008995626,0.21141653008995276,0.21141653008994998,0.21141653008995626,0.21141653008995276,0.3,True,True
18,8.5,1.5,310.5590062111804,310.55900621118184,310.5590062111804,310.55900621118155,0.0034906585039886596,0.0034906585039886596,0.0034906585039886596,0.0034906585039886587,295.80673678525346,196.72860585404706,295.80673678525346,196.72860585404126,0.2114165300899596,0.21141653008996153,0.2114165300899596,0.21141653008996114,0.21141653008996153,0.21141653008996114,0.3,True,True
19,9.5,1.5,267.90624923505743,310.5590062111823,267.90624923505743,310.559006211183,0.0034906585039886596,0.0034906585039886596,0.0034906585039886596,0.0034906585039886596,327.24923474893683,308.6112532293895,327.24923474893683,216.42211730498587,0.1573317496369088,0.21141653008996214,0.1573317496369088,0.21141653008996308,0.21141653008996214,0.21141653008996308,0.3,True,True
20,0.5,2.5,266.90292867660685,304.8592459676021,266.90292867660685,310.55900621118235,0.0034906585039886596,0.0034906585039886596,0.0034906585039886596,0.003495242403341257,327.24923474893683,327.24923474893683,327.24923474893683,187.25409970770826,0.1561555277759114,0.20372739228781234,0.1561555277759114,0.21141653008996225,0.20372739228781234,0.21141653008996225,0.3,True,True
21,1.5,2.5,310.5590062111798,310.55900621118167,310.5590062111798,310.55900621118,0.0034906585039886596,0.0034906585039886596,0.0034906585039886596,0.004398897218522496,286.5973235220432,212.55148370207473,286.5973235220432,148.78694295060316,0.21141653008995875,0.21141653008996128,0.21141653008995875,0.21141653008995906,0.21141653008996128,0.21141653008995906,0.3,True,True
22,2.5,2.5,310.55900621117877,310.5590062111804,310.55900621117877,310.5590062111803,0.0034906585039886596,0.005079789135421312,0.0034906585039886596,0.005079789135421338,239.8540791020187,128.84362953849075,239.8540791020187,128.8436295384901,0.21141653008995737,0.2114165300899596,0.21141653008995737,0.21141653008995945,0.2114165300899596,0.21141653008995945,0.3,True,True
23,3.5,2.5,310.55900621117945,310.55900621117814,310.55900621117945,310.5590062111791,0.0034906585039886587,0.006874546544034939,0.0034906585039886587,0.004355378744381889,257.97581151105624,95.20605690942389,257.97581151105624,150.2736060192532,0.21141653008995828,0.21141653008995653,0.21141653008995828,0.21141653008995778,0.21141653008995828,0.21141653008995828,0.3,True,True
24,4.5,2.5,147.5781561091237,310.55900621118195,147.5781561091237,310.5590062111832,0.0034906585039886596,0.00647541009286435,0.0034906585039886596,0.0034906585039886587,327.24923474893683,101.07444317991619,327.24923474893683,317.15376334237806,0.0477413662805191,0.21141653008996172,0.0477413662805191,0.2114165300899634,0.21141653008996172,0.2114165300899634,0.3,True,True
25,5.5,2.5,147.5781561091409,310.55900621118104,147.5781561091409,310.55900621118565,0.0034906585039886596,0.006475410092864479,0.0034906585039886596,0.0034906585039886596,327.24923474893683,101.07444317991418,327.24923474893683,317.15376334236254,0.04774136628053023,0.21141653008996045,0.04774136628053023,0.21141653008996672,0.21141653008996045,0.21141653008996672,0.3,True,True
26,6.5,2.5,310.5590062111833,310.55900621117996,310.5590062111833,310.55900621118053,0.0034906585039886587,0.0068745465440350866,0.0034906585039886587,0.004355378744382048,257.97581151104504,95.2060569094218,257.97581151104504,150.2736060192477,0.21141653008996356,0.21141653008995898,0.21141653008996356,0.21141653008995978,0.21141653008996356,0.21141653008996356,0.3,True,True
27,7.5,2.5,310.5590062111781,310.5590062111799,310.5590062111781,310.5590062111791,0.0034906585039886596,0.005079789135421608,0.0034906585039886596,0.005079789135421656,239.8540791020007,128.8436295384832,239.8540791020007,128.843629538482,0.21141653008995642,0.2114165300899589,0.21141653008995642,0.21141653008995778,0.2114165300899589,0.21141653008995778,0.3,True,True
28,8.5,2.5,310.5590062111802,310.55900621118167,310.5590062111802,310.5590062111804,0.0034906585039886596,0.0034906585039886596,0.0034906585039886596,0.00439889721852274,286.5973235220236,212.55148370206422,286.5973235220236,148.7869429505949,0.2114165300899593,0.21141653008996128,0.2114165300899593,0.2114165300899596,0.21141653008996128,0.2114165300899596,0.3,True,True
29,9.5,2.5,266.90292867663027,304.85924596762146,266.90292867663027,310.55900621117894,0.0034906585039886596,0.0034906585039886596,0.0034906585039886596,0.0034952424033414956,327.24923474893683,327.24923474893683,327.24923474893683,187.2540997076955,0.15615552777593883,0.20372739228783823,0.15615552777593883,0.21141653008995762,0.20372739228783823,0.21141653008995762,0.3,True,True
30,0.5,3.5,198.55541736213297,211.57866241565802,198.55541736213297,310.5590062111791,0.0034906585039886596,0.0034906585039886596,0.0034906585039886596,0.0034906585039886596,327.24923474893683,327.24923474893683,327.24923474893683,199.47431235617051,0.08641998082399367,0.09812833239705626,0.08641998082399367,0.21141653008995778,0.09812833239705626,0.21141653008995778,0.3,True,True
31,1.5,3.5,273.01809279603015,310.55900621118735,273.01809279603015,310.5590062111807,0.0034906585039886596,0.0034906585039886587,0.0034906585039886596,0.00468834759336774,327.24923474893683,318.48491183004353,327.24923474893683,139.60109750048062,0.16339303546205386,0.21141653008996905,0.16339303546205386,0.21141653008995998,0.21141653008996905,0.21141653008995998,0.3,True,True
32,2.5,3.5,310.5590062111805,310.55900621117905,310.5590062111805,310.55900621117945,0.0034906585039886596,0.004355378744381836,0.0034906585039886596,0.006874546544035145,257.97581151105976,150.27360601925503,257.97581151105976,95.20605690942102,0.21141653008995967,0.21141653008995778,0.21141653008995967,0.21141653008995828,0.21141653008995967,0.21141653008995967,0.3,True,True
33,3.5,3.5,310.55900621117854,310.5590062111801,310.55900621117854,310.55900621118013,0.0034906585039886587,0.00897904400722491,0.0034906585039886587,0.00897904400722514,199.74765866355384,72.89177656009227,199.74765866355384,72.8917765600904,0.21141653008995706,0.21141653008995911,0.21141653008995706,0.21141653008995923,0.21141653008995911,0.21141653008995923,0.3,True,True
34,4.5,3.5,310.559006211179,310.5590062111793,310.559006211179,310.55900621117985,0.0034906585039886596,0.011442016468060437,0.0034906585039886596,0.006827135691291633,315.6169442630507,57.20132210304529,315.6169442630507,95.86721270718562,0.21141653008995767,0.21141653008995806,0.21141653008995767,0.21141653008995884,0.21141653008995806,0.21141653008995884,0.3,True,True
35,5.5,3.5,310.559006211179,310.5590062111804,310.559006211179,310.55900621117974,0.0034906585039886596,0.011442016468060501,0.0034906585039886596,0.00682713569129168,315.61694426303677,57.20132210304497,315.61694426303677,95.86721270718495,0.21141653008995767,0.2114165300899596,0.21141653008995767,0.2114165300899587,0.2114165300899596,0.2114165300899587,0.3,True,True
36,6.5,3.5,310.55900621118053,310.5590062111793,310.55900621118053,310.5590062111798,0.0034906585039886587,0.008979044007225212,0.0034906585039886587,0.008979044007225262,199.7476586635451,72.89177656008981,199.7476586635451,72.89177656008941,0.21141653008995978,0.21141653008995806,0.21141653008995978,0.21141653008995875,0.21141653008995978,0.21141653008995978,0.3,True,True
37,7.5,3.5,310.5590062111805,310.5590062111796,310.5590062111805,310.5590062111797,0.0034906585039886587,0.004355378744382136,0.0034906585039886587,0.006874546544035345,257.97581151103697,150.27360601924468,257.97581151103697,95.20605690941825,0.21141653008995967,0.2114165300899585,0.21141653008995967,0.2114165300899586,0.21141653008995967,0.21141653008995967,0.3,True,True
38,8.5,3.5,273.0180927960602,310.5590062111847,273.0180927960602,310.55900621118127,0.0034906585039886596,0.0034906585039886587,0.0034906585039886596,0.004688347593367945,327.24923474893683,318.4849118300138,327.24923474893683,139.60109750047454,0.1633930354620898,0.2114165300899654,0.1633930354620898,0.21141653008996075,0.2114165300899654,0.21141653008996075,0.3,True,True
39,9.5,3.5,198.555417362154,211.57866241565634,198.555417362154,310.5590062111817,0.0034906585039886596,0.0034906585039886596,0.0034906585039886596,0.0034906585039886596,327.24923474893683,327.24923474893683,327.24923474893683,199.4743123561637,0.08641998082401196,0.0981283323970547,0.08641998082401196,0.2114165300899614,0.0981283323970547,0.2114165300899614,0.3,True,True
40,0.5,4.5,78.61634326008907,73.394395960935,73.394395960935,310.5590062111794,0.0034906585039886596,0.0034906585039886596,0.0034906585039886596,0.0034906585039886596,327.24923474893683,327.24923474893683,327.24923474893683,256.1156138249729,0.013548036642967406,0.01180800382453305,0.01180800382453305,0.21141653008995823,0.013548036642967406,0.21141653008995823,0.3,True,True
41,1.5,4.5,112.7255878067622,102.33523428664401,102.33523428664401,310.55900621118394,0.0034906585039886596,0.0034906585039886596,0.0034906585039886596,0.004012301749882674,327.24923474893683,327.24923474893683,327.24923474893683,163.12294296335318,0.027854521430319506,0.02295625606140073,0.02295625606140073,0.21141653008996442,0.027854521430319506,0.21141653008996442,0.3,True,True
42,2.5,4.5,147.5781561091227,310.55900621117905,147.5781561091227,310.5590062111797,0.0034906585039886596,0.0034906585039886596,0.0034906585039886596,0.006475410092864549,327.24923474893683,317.15376334239096,327.24923474893683,101.0744431799131,0.047741366280518435,0.21141653008995778,0.047741366280518435,0.2114165300899586,0.21141653008995778,0.2114165300899586,0.3,True,True
43,3.5,4.5,310.559006211181,310.5590062111805,310.559006211181,310.5590062111796,0.0034906585039886596,0.006827135691291409,0.0034906585039886596,0.011442016468060546,315.61694426305394,95.86721270718876,315.61694426305394,57.201322103044745,0.2114165300899604,0.21141653008995967,0.2114165300899604,0.2114165300899585,0.2114165300899604,0.2114165300899604,0.3,True,True
44,4.5,4.5,305.17399398204986,310.55900621118093,305.17399398204986,310.55900621118076,0.0034906585039886596,0.01788293517727266,0.0034906585039886596,0.017882935177272838,327.24923474893683,36.5990517222068,327.24923474893683,36.59905172220645,0.2041482809073086,0.17659267657307356,0.2041482809073086,0.17659267657307195,0.2041482809073086,0.2041482809073086,0.3,True,True
45,5.5,4.5,305.17399398206913,310.5590062111799,305.17399398206913,310.5590062111804,0.0034906585039886596,0.017882935177272907,0.0034906585039886596,0.01788293517727306,327.24923474893683,36.59905172220629,327.24923474893683,36.59905172220599,0.2041482809073344,0.17659267657307093,0.2041482809073344,0.17659267657306998,0.2041482809073344,0.2041482809073344,0.3,True,True
46,6.5,4.5,310.5590062111791,310.559006211181,310.5590062111791,310.5590062111797,0.0034906585039886587,0.006827135691291833,0.0034906585039886587,0.01144201646806099,315.61694426301995,95.86721270718277,315.61694426301995,57.20132210304253,0.21141653008995778,0.2114165300899604,0.21141653008995778,0.2114165300899586,0.2114165300899604,0.2114165300899586,0.3,True,True
47,7.5,4.5,147.57815610914764,310.55900621117667,147.57815610914764,310.55900621117996,0.0034906585039886596,0.0034906585039886587,0.0034906585039886596,0.006475410092864826,327.24923474893683,317.15376334234537,327.24923474893683,101.07444317990877,0.04774136628053458,0.21141653008995445,0.04774136628053458,0.21141653008995898,0.21141653008995445,0.21141653008995898,0.3,True,True
48,8.5,4.5,112.72558780679884,102.33523428666837,102.33523428666837,310.55900621118076,0.0034906585039886596,0.0034906585039886596,0.0034906585039886596,0.0040123017498827586,327.24923474893683,327.24923474893683,327.24923474893683,163.12294296334974,0.02785452143033761,0.02295625606141166,0.02295625606141166,0.21141653008996006,0.02785452143033761,0.21141653008996006,0.3,True,True
49,9.5,4.5,78.61634326014143,73.39439596095629,73.39439596095629,310.55900621117894,0.0034906585039886596,0.0034906585039886596,0.0034906585039886596,0.0034906585039886587,327.24923474893683,327.24923474893683,327.24923474893683,256.11561382497354,0.013548036642985456,0.0118080038245399,0.0118080038245399,0.21141653008995762,0.013548036642985456,0.21141653008995762,0.3,True,True
50,0.5,5.5,78.61634326009326,73.39439596093236,73.39439596093236,310.55900621117934,0.0034906585039886596,0.0034906585039886596,0.0034906585039886596,0.0034906585039886587,327.24923474893683,327.24923474893683,327.24923474893683,256.11561382498246,0.013548036642968851,0.011808003824532202,0.011808003824532202,0.21141653008995812,0.013548036642968851,0.21141653008995812,0.3,True,True
51,1.5,5.5,112.72558780675814,102.33523428664392,102.33523428664392,310.5590062111791,0.0034906585039886596,0.0034906585039886596,0.0034906585039886596,0.004012301749882636,327.24923474893683,327.24923474893683,327.24923474893683,163.12294296335472,0.0278545214303175,0.022956256061400688,0.022956256061400688,0.21141653008995778,0.0278545214303175,0.21141653008995778,0.3,True,True
52,2.5,5.5,147.57815610913477,310.5590062111808,147.57815610913477,310.5590062111813,0.0034906585039886596,0.0034906585039886596,0.0034906585039886596,0.006475410092864482,327.24923474893683,317.15376334237186,327.24923474893683,101.07444317991414,0.047741366280526255,0.21141653008996014,0.047741366280526255,0.2114165300899608,0.21141653008996014,0.2114165300899608,0.3,True,True
53,3.5,5.5,310.5590062111833,310.5590062111796,310.5590062111833,310.559006211181,0.0034906585039886596,0.0068271356912915195,0.0034906585039886596,0.011442016468060512,315.6169442630298,95.86721270718718,315.6169442630298,57.2013221030449,0.21141653008996356,0.2114165300899585,0.21141653008996356,0.2114165300899604,0.21141653008996356,0.21141653008996356,0.3,True,True
54,4.5,5.5,305.1739939820662,310.55900621118076,305.1739939820662,310.55900621118013,0.0034906585039886596,0.0178829351772728,0.0034906585039886596,0.017882935177272862,327.24923474893683,36.59905172220652,327.24923474893683,36.59905172220639,0.20414828090733042,0.1765926765730723,0.20414828090733042,0.17659267657307143,0.20414828090733042,0.20414828090733042,0.3,True,True
55,5.5,5.5,305.17399398203327,310.55900621117974,305.17399398203327,310.55900621118013,0.0034906585039886596,0.017882935177272723,0.0034906585039886596,0.017882935177272765,327.24923474893683,36.599051722206674,327.24923474893683,36.59905172220658,0.2041482809072864,0.17659267657307237,0.2041482809072864,0.1765926765730722,0.2041482809072864,0.2041482809072864,0.3,True,True
56,6.5,5.5,310.55900621118144,310.5590062111817,310.55900621118144,310.55900621118064,0.0034906585039886596,0.0068271356912914735,0.0034906585039886596,0.011442016468060529,315.6169442630625,95.86721270718782,315.6169442630625,57.20132210304482,0.211416530089961,0.2114165300899614,0.211416530089961,0.21141653008995995,0.2114165300899614,0.211416530089961,0.3,True,True
57,7.5,5.5,147.57815610912456,310.55900621117894,147.57815610912456,310.55900621118053,0.0034906585039886596,0.0034906585039886596,0.0034906585039886596,0.0064754100928646535,327.24923474893683,317.1537633423699,327.24923474893683,101.07444317991146,0.04774136628051965,0.21141653008995762,0.04774136628051965,0.21141653008995978,0.21141653008995762,0.21141653008995978,0.3,True,True
58,8.5,5.5,112.72558780677014,102.33523428663935,102.33523428663935,310.5590062111813,0.0034906585039886596,0.0034906585039886596,0.0034906585039886596,0.004012301749882687,327.24923474893683,327.24923474893683,327.24923474893683,163.1229429633526,0.02785452143032343,0.02295625606139864,0.02295625606139864,0.2114165300899608,0.02785452143032343,0.2114165300899608,0.3,True,True
59,9.5,5.5,78.61634326009154,73.39439596092166,73.39439596092166,310.5590062111808,0.0034906585039886596,0.0034906585039886596,0.0034906585039886596,0.0034906585039886587,327.24923474893683,327.24923474893683,327.24923474893683,256.115613824996,0.013548036642968261,0.011808003824528757,0.011808003824528757,0.21141653008996014,0.013548036642968261,0.21141653008996014,0.3,True,True
60,0.5,6.5,198.55541736212462,211.57866241564795,198.55541736212462,310.5590062111806,0.0034906585039886596,0.0034906585039886596,0.0034906585039886596,0.0034906585039886587,327.24923474893683,327.24923474893683,327.24923474893683,199.47431235618097,0.08641998082398639,0.09812833239704694,0.08641998082398639,0.21141653008995984,0.09812833239704694,0.21141653008995984,0.3,True,True
61,1.5,6.5,273.0180927960241,310.5590062111775,273.0180927960241,310.55900621117854,0.0034906585039886596,0.0034906585039886587,0.0034906585039886596,0.004688347593367591,327.24923474893683,318.48491183003085,327.24923474893683,139.60109750048508,0.1633930354620466,0.21141653008995562,0.1633930354620466,0.21141653008995706,0.21141653008995562,0.21141653008995706,0.3,True,True
62,2.5,6.5,310.55900621118053,310.55900621118053,310.55900621118053,310.55900621118,0.0034906585039886596,0.004355378744381999,0.0034906585039886596,0.006874546544035044,257.975811511056,150.27360601924943,257.975811511056,95.20605690942243,0.21141653008995978,0.21141653008995978,0.21141653008995978,0.21141653008995906,0.21141653008995978,0.21141653008995978,0.3,True,True
63,3.5,6.5,310.5590062111805,310.55900621118104,310.5590062111805,310.55900621118053,0.0034906585039886587,0.008979044007225103,0.0034906585039886587,0.00897904400722517,199.74765866354522,72.8917765600907,199.74765866354522,72.89177656009015,0.21141653008995967,0.21141653008996045,0.21141653008995967,0.21141653008995978,0.21141653008996045,0.21141653008995978,0.3,True,True
64,4.5,6.5,310.55900621118104,310.55900621117956,310.55900621118104,310.55900621118025,0.0034906585039886587,0.011442016468060694,0.0034906585039886587,0.006827135691291771,315.6169442630197,57.201322103044006,315.6169442630197,95.86721270718367,0.21141653008996045,0.21141653008995842,0.21141653008996045,0.21141653008995936,0.21141653008996045,0.21141653008996045,0.3,True,True
65,5.5,6.5,310.5590062111781,310.5590062111796,310.5590062111781,310.5590062111798,0.0034906585039886587,0.011442016468060381,0.0034906585039886587,0.006827135691291445,315.6169442630693,57.201322103045555,315.6169442630693,95.86721270718824,0.21141653008995642,0.2114165300899585,0.21141653008995642,0.21141653008995875,0.2114165300899585,0.21141653008995875,0.3,True,True
66,6.5,6.5,310.55900621117974,310.5590062111806,310.55900621117974,310.5590062111803,0.0034906585039886587,0.008979044007224919,0.0034906585039886587,0.008979044007224901,199.74765866356068,72.8917765600922,199.74765866356068,72.89177656009234,0.2114165300899587,0.21141653008995984,0.2114165300899587,0.21141653008995945,0.21141653008995984,0.21141653008995945,0.3,True,True
67,7.5,6.5,310.5590062111787,310.5590062111789,310.5590062111787,310.55900621117974,0.0034906585039886587,0.004355378744381719,0.0034906585039886587,0.0068745465440349495,257.9758115110691,150.27360601925906,257.9758115110691,95.20605690942374,0.21141653008995726,0.2114165300899575,0.21141653008995726,0.2114165300899587,0.2114165300899575,0.2114165300899587,0.3,True,True
68,8.5,6.5,273.0180927960296,310.55900621118013,273.0180927960296,310.5590062111796,0.0034906585039886596,0.0034906585039886587,0.0034906585039886596,0.0046883475933678,327.24923474893683,318.4849118300488,327.24923474893683,139.60109750047886,0.16339303546205314,0.21141653008995923,0.16339303546205314,0.2114165300899585,0.21141653008995923,0.2114165300899585,0.3,True,True
69,9.5,6.5,198.5554173621304,211.57866241565114,198.5554173621304,310.55900621117905,0.0034906585039886596,0.0034906585039886596,0.0034906585039886596,0.0034906585039886596,327.24923474893683,327.24923474893683,327.24923474893683,199.4743123561681,0.08641998082399144,0.09812833239704989,0.08641998082399144,0.21141653008995778,0.09812833239704989,0.21141653008995778,0.3,True,True
70,0.5,7.5,266.9029286765987,304.85924596760395,266.9029286765987,310.5590062111814,0.0034906585039886596,0.0034906585039886596,0.0034906585039886596,0.0034952424033411586,327.24923474893683,327.24923474893683,327.24923474893683,187.25409970771355,0.1561555277759019,0.2037273922878148,0.1561555277759019,0.21141653008996092,0.2037273922878148,0.21141653008996092,0.3,True,True
71,1.5,7.5,310.5590062111805,310.55900621118127,310.5590062111805,310.5590062111819,0.0034906585039886587,0.0034906585039886596,0.0034906585039886587,0.004398897218522581,286.59732352204213,212.55148370206092,286.59732352204213,148.78694295060032,0.21141653008995967,0.21141653008996075,0.21141653008995967,0.2114165300899616,0.21141653008996075,0.2114165300899616,0.3,True,True
72,2.5,7.5,310.5590062111817,310.55900621118116,310.5590062111817,310.55900621118144,0.0034906585039886587,0.005079789135421627,0.0034906585039886587,0.005079789135421594,239.8540791020128,128.84362953848273,239.8540791020128,128.84362953848355,0.2114165300899614,0.21141653008996059,0.2114165300899614,0.211416530089961,0.2114165300899614,0.2114165300899614,0.3,True,True
73,3.5,7.5,310.55900621117894,310.55900621118025,310.55900621117894,310.5590062111788,0.0034906585039886596,0.0068745465440352045,0.0034906585039886596,0.004355378744382038,257.9758115110465,95.2060569094202,257.9758115110465,150.27360601924806,0.21141653008995762,0.21141653008995936,0.21141653008995762,0.21141653008995742,0.21141653008995936,0.21141653008995762,0.3,True,True
74,4.5,7.5,147.57815610915026,310.55900621117905,147.57815610915026,310.5590062111791,0.0034906585039886596,0.006475410092864716,0.0034906585039886596,0.0034906585039886587,327.24923474893683,101.0744431799105,327.24923474893683,317.15376334235935,0.047741366280536275,0.21141653008995778,0.047741366280536275,0.21141653008995778,0.21141653008995778,0.21141653008995778,0.3,True,True
75,5.5,7.5,147.57815610910163,310.55900621117985,147.57815610910163,310.55900621118013,0.0034906585039886596,0.006475410092864309,0.0034906585039886596,0.0034906585039886596,327.24923474893683,101.07444317991683,327.24923474893683,317.1537633424078,0.04774136628050481,0.21141653008995884,0.04774136628050481,0.21141653008995923,0.21141653008995884,0.21141653008995923,0.3,True,True
76,6.5,7.5,310.55900621117956,310.55900621118076,310.55900621117956,310.5590062111803,0.0034906585039886596,0.0068745465440349495,0.0034906585039886596,0.004355378744381857,257.9758115110682,95.20605690942374,257.9758115110682,150.2736060192543,0.21141653008995842,0.21141653008996006,0.21141653008995842,0.21141653008995945,0.21141653008996006,0.21141653008995945,0.3,True,True
77,7.5,7.5,310.5590062111789,310.55900621117934,310.5590062111789,310.5590062111798,0.0034906585039886596,0.005079789135421175,0.0034906585039886596,0.005079789135421315,239.8540791020253,128.84362953849418,239.8540791020253,128.84362953849066,0.2114165300899575,0.21141653008995812,0.2114165300899575,0.21141653008995875,0.21141653008995812,0.21141653008995875,0.3,True,True
78,8.5,7.5,310.5590062111802,310.5590062111799,310.5590062111802,310.55900621118025,0.0034906585039886596,0.0034906585039886596,0.0034906585039886596,0.004398897218522394,286.59732352205265,212.551483702089,286.59732352205265,148.78694295060663,0.2114165300899593,0.2114165300899589,0.2114165300899593,0.21141653008995936,0.2114165300899593,0.21141653008995936,0.3,True,True
79,9.5,7.5,266.9029286766052,304.85924596759804,266.9029286766052,310.5590062111802,0.0034906585039886596,0.0034906585039886596,0.0034906585039886596,0.003495242403341326,327.24923474893683,327.24923474893683,327.24923474893683,187.25409970770454,0.15615552777590946,0.2037273922878069,0.15615552777590946,0.2114165300899593,0.2037273922878069,0.2114165300899593,0.3,True,True
80,0.5,8.5,267.9062492350457,310.559006211184,267.9062492350457,310.5590062111802,0.0034906585039886596,0.0034906585039886596,0.0034906585039886596,0.00349065850398866,327.24923474893683,308.6112532293895,327.24923474893683,216.42211730499506,0.15733174963689497,0.2114165300899645,0.15733174963689497,0.2114165300899593,0.2114165300899645,0.2114165300899593,0.3,True,True
81,1.5,8.5,310.559006211182,310.5590062111803,310.559006211182,310.55900621118025,0.0034906585039886587,0.0034906585039886596,0.0034906585039886587,0.0034906585039886587,295.80673678526813,196.7286058540385,295.80673678526813,196.72860585404533,0.21141653008996172,0.21141653008995945,0.21141653008996172,0.21141653008995936,0.21141653008996172,0.21141653008996172,0.3,True,True
82,2.5,8.5,310.55900621117854,310.5590062111786,310.55900621117854,310.5590062111789,0.0034906585039886596,0.004398897218522662,0.0034906585039886596,0.0034906585039886596,286.5973235220419,148.78694295059756,286.5973235220419,212.55148370207127,0.21141653008995706,0.21141653008995714,0.21141653008995706,0.2114165300899575,0.21141653008995714,0.2114165300899575,0.3,True,True
83,3.5,8.5,273.01809279603907,310.5590062111813,273.01809279603907,310.55900621118184,0.0034906585039886596,0.0046883475933678295,0.0034906585039886596,0.0034906585039886596,327.24923474893683,139.60109750047798,327.24923474893683,318.4849118300324,0.1633930354620645,0.2114165300899608,0.1633930354620645,0.21141653008996153,0.2114165300899608,0.21141653008996153,0.3,True,True
84,4.5,8.5,102.3352342866642,310.5590062111805,112.72558780679542,102.3352342866642,0.0034906585039886596,0.004012301749882884,0.0034906585039886596,0.0034906585039886596,327.24923474893683,163.12294296334466,327.24923474893683,327.24923474893683,0.022956256061409788,0.21141653008995967,0.027854521430335916,0.022956256061409788,0.21141653008995967,0.027854521430335916,0.3,True,True
85,5.5,8.5,102.33523428661522,310.5590062111795,112.7255878067596,102.33523428661522,0.0034906585039886596,0.004012301749882391,0.0034906585039886596,0.0034906585039886596,327.24923474893683,163.12294296336466,327.24923474893683,327.24923474893683,0.02295625606138781,0.21141653008995837,0.027854521430318215,0.02295625606138781,0.21141653008995837,0.027854521430318215,0.3,True,True
86,6.5,8.5,273.0180927960029,310.559006211181,273.0180927960029,310.559006211183,0.0034906585039886596,0.004688347593367392,0.0034906585039886596,0.0034906585039886587,327.24923474893683,139.60109750049097,327.24923474893683,318.484911830093,0.16339303546202125,0.2114165300899604,0.16339303546202125,0.21141653008996308,0.2114165300899604,0.21141653008996308,0.3,True,True
87,7.5,8.5,310.5590062111813,310.5590062111806,310.5590062111813,310.5590062111827,0.0034906585039886596,0.0043988972185221905,0.0034906585039886596,0.0034906585039886596,286.5973235220573,148.78694295061348,286.5973235220573,212.55148370209076,0.2114165300899608,0.21141653008995984,0.2114165300899608,0.2114165300899627,0.2114165300899608,0.2114165300899627,0.3,True,True
88,8.5,8.5,310.5590062111813,310.55900621118053,310.5590062111813,310.5590062111822,0.0034906585039886596,0.0034906585039886596,0.0034906585039886596,0.0034906585039886587,295.80673678528944,196.72860585407278,295.80673678528944,196.72860585406744,0.2114165300899608,0.21141653008995978,0.2114165300899608,0.211416530089962,0.2114165300899608,0.211416530089962,0.3,True,True
89,9.5,8.5,267.90624923502736,310.55900621118,267.90624923502736,310.559006211181,0.0034906585039886596,0.0034906585039886587,0.0034906585039886596,0.0034906585039886596,327.24923474893683,308.61125322942576,327.24923474893683,216.42211730501074,0.15733174963687344,0.21141653008995906,0.15733174963687344,0.2114165300899604,0.21141653008995906,0.2114165300899604,0.3,True,True
90,0.5,9.5,194.45004063726103,275.0815115408507,194.45004063726103,275.081511540854,0.0034906585039886596,0.0034906585039886596,0.0034906585039886596,0.0034906585039886596,327.24923474893683,327.24923474893683,327.24923474893683,327.24923474893683,0.08288324776746622,0.16587215543404538,0.08288324776746622,0.1658721554340493,0.16587215543404538,0.1658721554340493,0.3,True,True
91,1.5,9.5,267.9062492350374,310.5590062111771,267.9062492350374,310.5590062111808,0.0034906585039886596,0.0034906585039886587,0.0034906585039886596,0.0034906585039886587,327.24923474893683,216.42211730499287,327.24923474893683,308.6112532294005,0.15733174963688523,0.2114165300899551,0.15733174963688523,0.21141653008996014,0.2114165300899551,0.21141653008996014,0.3,True,True
92,2.5,9.5,266.9029286766013,310.5590062111803,266.9029286766013,304.85924596759355,0.0034906585039886596,0.0034952424033413737,0.0034906585039886596,0.0034906585039886596,327.24923474893683,187.25409970770198,327.24923474893683,327.24923474893683,0.1561555277759049,0.21141653008995945,0.1561555277759049,0.20372739228780093,0.21141653008995945,0.20372739228780093,0.3,True,True
93,3.5,9.5,198.555417362141,310.5590062111814,198.555417362141,211.57866241565299,0.0034906585039886596,0.0034906585039886587,0.0034906585039886596,0.0034906585039886596,327.24923474893683,199.47431235616085,327.24923474893683,327.24923474893683,0.08641998082400063,0.21141653008996092,0.08641998082400063,0.09812833239705161,0.21141653008996092,0.09812833239705161,0.3,True,True
94,4.5,9.5,73.394395960945,310.5590062111803,78.6163432601105,73.394395960945,0.0034906585039886596,0.0034906585039886587,0.0034906585039886596,0.0034906585039886596,327.24923474893683,256.1156138249585,327.24923474893683,327.24923474893683,0.011808003824536268,0.21141653008995945,0.013548036642974794,0.011808003824536268,0.21141653008995945,0.013548036642974794,0.3,True,True
95,5.5,9.5,73.39439596091259,310.5590062111803,78.61634326008583,73.39439596091259,0.0034906585039886596,0.0034906585039886587,0.0034906585039886596,0.0034906585039886596,327.24923474893683,256.1156138249942,327.24923474893683,327.24923474893683,0.011808003824525841,0.21141653008995945,0.01354803664296629,0.011808003824525841,0.21141653008995945,0.01354803664296629,0.3,True,True
96,6.5,9.5,198.5554173621085,310.55900621117945,198.5554173621085,211.5786624156114,0.0034906585039886596,0.0034906585039886596,0.0034906585039886596,0.0034906585039886596,327.24923474893683,199.47431235619223,327.24923474893683,327.24923474893683,0.08641998082397237,0.21141653008995828,0.08641998082397237,0.09812833239701302,0.21141653008995828,0.09812833239701302,0.3,True,True
97,7.5,9.5,266.9029286765896,310.5590062111792,266.9029286765896,304.85924596756894,0.0034906585039886596,0.0034952424033409036,0.0034906585039886596,0.0034906585039886596,327.24923474893683,187.25409970772722,327.24923474893683,327.24923474893683,0.15615552777589123,0.21141653008995798,0.15615552777589123,0.203727392287768,0.21141653008995798,0.203727392287768,0.3,True,True
98,8.5,9.5,267.9062492350217,310.55900621118025,267.9062492350217,310.5590062111802,0.0034906585039886596,0.0034906585039886596,0.0034906585039886596,0.0034906585039886587,327.24923474893683,216.4221173050213,327.24923474893683,308.6112532294329,0.15733174963686675,0.21141653008995936,0.15733174963686675,0.2114165300899593,0.21141653008995936,0.2114165300899593,0.3,True,True
99,9.5,9.5,194.45004063722814,275.08151154079883,194.45004063722814,275.0815115408098,0.0034906585039886596,0.0034906585039886596,0.0034906585039886596,0.0034906585039886596,327.24923474893683,327.24923474893683,327.24923474893683,327.24923474893683,0.0828832477674382,0.16587215543398276,0.0828832477674382,0.165872155433996,0.16587215543398276,0.165872155433996,0.3,True,True
