elem,xc_m,yc_m,mx_Nm_per_m,my_Nm_per_m,mxy_Nm_per_m,qsoil_mean_Pa,w_mean_m,Mx_bottom_Nm_per_m,Mx_top_Nm_per_m,My_bottom_Nm_per_m,My_top_Nm_per_m,Asx_bottom_req_cm2_m,Asx_top_req_cm2_m,Asy_bottom_req_cm2_m,Asy_top_req_cm2_m,As_min_total_cm2_m,As_min_face_cm2_m,Asx_bottom_adot_cm2_m,Asx_top_adot_cm2_m,Asy_bottom_adot_cm2_m,Asy_top_adot_cm2_m,Asx_req_cm2_m,Asy_req_cm2_m,As_min_cm2_m,Asx_adot_cm2_m,Asy_adot_cm2_m,detalhe_x_inf,detalhe_x_sup,detalhe_y_inf,detalhe_y_sup
0,0.5,0.5,-16763.282800853944,-16763.282800856774,40426.16344848421,97013.71601218393,0.0048506858006091,40426.16344848421,57189.44624933815,40426.16344848421,57189.44624934098,2.3479842406947897,3.3216092518554983,2.3479842406947897,3.3216092518556626,7.5,3.75,3.75,3.75,3.75,3.75,3.3216092518554983,3.3216092518556626,7.5,3.75,3.75,phi 12.5 c/ 20.0 cm,phi 12.5 c/ 20.0 cm,phi 12.5 c/ 20.0 cm,phi 12.5 c/ 20.0 cm
1,1.5,0.5,-41930.56577649515,-12766.799973533449,55697.70921596693,110202.6709301214,0.005510133546506,55697.70921596693,97628.27499246207,55697.70921596693,68464.50918950037,3.2349679595132304,5.6703291030975445,3.2349679595132304,3.976474018582092,7.5,3.75,3.75,5.6703291030975445,3.75,3.976474018582092,5.6703291030975445,3.976474018582092,7.5,5.6703291030975445,3.976474018582092,phi 12.5 c/ 20.0 cm,phi 12.5 c/ 20.0 cm,phi 12.5 c/ 20.0 cm,phi 12.5 c/ 20.0 cm
2,2.5,0.5,-57346.42393165128,-7891.118364814152,55489.11887185654,121051.94633928656,0.0060525973169643,55489.11887185654,112835.54280350782,55489.11887185654,63380.23723667069,3.2228528637694454,6.553579506264342,3.2228528637694454,3.6811753950591557,7.5,3.75,3.75,6.553579506264342,3.75,3.75,6.553579506264342,3.6811753950591557,7.5,6.553579506264342,3.75,phi 12.5 c/ 20.0 cm,phi 12.5 c/ 17.5 cm,phi 12.5 c/ 20.0 cm,phi 12.5 c/ 20.0 cm
3,3.5,0.5,-64643.33071061771,-2707.5326466346123,41279.67126958997,128642.35757334664,0.0064321178786673,41279.67126958997,105923.00198020769,41279.67126958997,43987.20391622458,2.397556664647902,6.152093549355496,2.397556664647902,2.554812348669609,7.5,3.75,3.75,6.152093549355496,3.75,3.75,6.152093549355496,2.554812348669609,7.5,6.152093549355496,3.75,phi 12.5 c/ 20.0 cm,phi 12.5 c/ 17.5 cm,phi 12.5 c/ 20.0 cm,phi 12.5 c/ 20.0 cm
4,4.5,0.5,-67238.88368162741,1085.6428434939226,15258.694920274676,132520.34553589852,0.0066260172767949,15258.694920274676,82497.57860190209,16344.337763768599,15258.694920274676,0.8862373312280745,4.791526029908454,0.9492923448653477,0.8862373312280745,7.5,3.75,3.75,4.791526029908454,3.75,3.75,4.791526029908454,0.9492923448653477,7.5,4.791526029908454,3.75,phi 12.5 c/ 20.0 cm,phi 12.5 c/ 20.0 cm,phi 12.5 c/ 20.0 cm,phi 12.5 c/ 20.0 cm
5,5.5,0.5,-67238.88368162295,1085.642843501284,-15258.694920279975,132520.34553589788,0.0066260172767948,15258.694920279975,82497.57860190292,16344.33776378126,15258.694920279975,0.8862373312283823,4.7915260299085025,0.9492923448660832,0.8862373312283823,7.5,3.75,3.75,4.7915260299085025,3.75,3.75,4.7915260299085025,0.9492923448660832,7.5,4.7915260299085025,3.75,phi 12.5 c/ 20.0 cm,phi 12.5 c/ 20.0 cm,phi 12.5 c/ 20.0 cm,phi 12.5 c/ 20.0 cm
6,6.5,0.5,-64643.330710611815,-2707.5326466258084,-41279.67126958905,128642.35757334472,0.0064321178786672,41279.67126958905,105923.00198020088,41279.67126958905,43987.20391621486,2.397556664647849,6.152093549355101,2.397556664647849,2.554812348669045,7.5,3.75,3.75,6.152093549355101,3.75,3.75,6.152093549355101,2.554812348669045,7.5,6.152093549355101,3.75,phi 12.5 c/ 20.0 cm,phi 12.5 c/ 17.5 cm,phi 12.5 c/ 20.0 cm,phi 12.5 c/ 20.0 cm
7,7.5,0.5,-57346.423931648314,-7891.118364795528,-55489.11887187095,121051.94633928356,0.0060525973169641,55489.11887187095,112835.54280351926,55489.11887187095,63380.23723666648,3.222852863770282,6.553579506265007,3.222852863770282,3.6811753950589114,7.5,3.75,3.75,6.553579506265007,3.75,3.75,6.553579506265007,3.6811753950589114,7.5,6.553579506265007,3.75,phi 12.5 c/ 20.0 cm,phi 12.5 c/ 17.5 cm,phi 12.5 c/ 20.0 cm,phi 12.5 c/ 20.0 cm
8,8.5,0.5,-41930.56577649367,-12766.799973520145,-55697.709215967494,110202.67093011735,0.0055101335465058,55697.709215967494,97628.27499246117,55697.709215967494,68464.50918948764,3.234967959513263,5.670329103097492,3.234967959513263,3.9764740185813525,7.5,3.75,3.75,5.670329103097492,3.75,3.9764740185813525,5.670329103097492,3.9764740185813525,7.5,5.670329103097492,3.9764740185813525,phi 12.5 c/ 20.0 cm,phi 12.5 c/ 20.0 cm,phi 12.5 c/ 20.0 cm,phi 12.5 c/ 20.0 cm
9,9.5,0.5,-16763.282800857265,-16763.28280085939,-40426.16344848577,97013.71601217867,0.0048506858006089,40426.16344848577,57189.44624934303,40426.16344848577,57189.44624934516,2.3479842406948803,3.3216092518557816,2.3479842406948803,3.3216092518559055,7.5,3.75,3.75,3.75,3.75,3.75,3.3216092518557816,3.3216092518559055,7.5,3.75,3.75,phi 12.5 c/ 20.0 cm,phi 12.5 c/ 20.0 cm,phi 12.5 c/ 20.0 cm,phi 12.5 c/ 20.0 cm
10,0.5,1.5,-12766.799973522484,-41930.56577650256,55697.70921596378,110202.67093012408,0.0055101335465062,55697.70921596378,68464.50918948627,55697.70921596378,97628.27499246635,3.2349679595130474,3.976474018581273,3.2349679595130474,5.670329103097792,7.5,3.75,3.75,3.976474018581273,3.75,5.670329103097792,3.976474018581273,5.670329103097792,7.5,3.976474018581273,5.670329103097792,phi 12.5 c/ 20.0 cm,phi 12.5 c/ 20.0 cm,phi 12.5 c/ 20.0 cm,phi 12.5 c/ 20.0 cm
11,1.5,1.5,-35973.23441239632,-35973.23441240139,71428.1162502381,127655.31417263538,0.0063827657086317,71428.1162502381,107401.35066263442,71428.1162502381,107401.3506626395,4.148602711503728,6.237957235456038,4.148602711503728,6.237957235456333,7.5,3.75,4.148602711503728,6.237957235456038,4.148602711503728,6.237957235456333,6.237957235456038,6.237957235456333,7.5,6.237957235456038,6.237957235456333,phi 12.5 c/ 20.0 cm,phi 12.5 c/ 17.5 cm,phi 12.5 c/ 20.0 cm,phi 12.5 c/ 17.5 cm
12,2.5,1.5,-68284.51646168527,-25682.75739414241,73723.36113626377,143306.74603652477,0.0071653373018262,73723.36113626377,142007.87759794906,73723.36113626377,99406.11853040618,4.281912389227441,8.247932284729364,4.281912389227441,5.773587692422581,7.5,3.75,4.281912389227441,8.247932284729364,4.281912389227441,5.773587692422581,8.247932284729364,5.773587692422581,7.5,8.247932284729364,5.773587692422581,phi 12.5 c/ 20.0 cm,phi 12.5 c/ 12.5 cm,phi 12.5 c/ 20.0 cm,phi 12.5 c/ 20.0 cm
13,3.5,1.5,-94591.6292935927,-9581.51326969074,56760.461492295355,155169.12239325445,0.0077584561196627,56760.461492295355,151352.09078588805,56760.461492295355,66341.9747619861,3.2966934705121034,8.790651737564204,3.2966934705121034,3.8531955038527275,7.5,3.75,3.75,8.790651737564204,3.75,3.8531955038527275,8.790651737564204,3.8531955038527275,7.5,8.790651737564204,3.8531955038527275,phi 12.5 c/ 20.0 cm,phi 12.5 c/ 12.5 cm,phi 12.5 c/ 20.0 cm,phi 12.5 c/ 20.0 cm
14,4.5,1.5,-108252.07215214249,2160.154496835359,21275.49520819323,161565.12998275692,0.0080782564991378,21275.49520819323,129527.56736033571,23435.64970502859,21275.49520819323,1.235697954011223,7.523065781029598,1.361161472766812,1.235697954011223,7.5,3.75,3.75,7.523065781029598,3.75,3.75,7.523065781029598,1.361161472766812,7.5,7.523065781029598,3.75,phi 12.5 c/ 20.0 cm,phi 12.5 c/ 15.0 cm,phi 12.5 c/ 20.0 cm,phi 12.5 c/ 20.0 cm
15,5.5,1.5,-108252.07215214166,2160.1544968353373,-21275.49520819704,161565.12998275616,0.0080782564991378,21275.49520819704,129527.5673603387,23435.649705032378,21275.49520819704,1.235697954011444,7.523065781029771,1.3611614727670318,1.235697954011444,7.5,3.75,3.75,7.523065781029771,3.75,3.75,7.523065781029771,1.3611614727670318,7.5,7.523065781029771,3.75,phi 12.5 c/ 20.0 cm,phi 12.5 c/ 15.0 cm,phi 12.5 c/ 20.0 cm,phi 12.5 c/ 20.0 cm
16,6.5,1.5,-94591.62929359192,-9581.513269693009,-56760.46149229845,155169.12239325215,0.0077584561196626,56760.46149229845,151352.09078589035,56760.46149229845,66341.97476199146,3.296693470512283,8.790651737564337,3.296693470512283,3.8531955038530388,7.5,3.75,3.75,8.790651737564337,3.75,3.8531955038530388,8.790651737564337,3.8531955038530388,7.5,8.790651737564337,3.8531955038530388,phi 12.5 c/ 20.0 cm,phi 12.5 c/ 12.5 cm,phi 12.5 c/ 20.0 cm,phi 12.5 c/ 20.0 cm
17,7.5,1.5,-68284.51646168751,-25682.757394146167,-73723.36113627115,143306.74603652093,0.007165337301826,73723.36113627115,142007.87759795866,73723.36113627115,99406.11853041733,4.28191238922787,8.247932284729922,4.28191238922787,5.773587692423227,7.5,3.75,4.28191238922787,8.247932284729922,4.28191238922787,5.773587692423227,8.247932284729922,5.773587692423227,7.5,8.247932284729922,5.773587692423227,phi 12.5 c/ 20.0 cm,phi 12.5 c/ 12.5 cm,phi 12.5 c/ 20.0 cm,phi 12.5 c/ 20.0 cm
18,8.5,1.5,-35973.234412395206,-35973.23441239837,-71428.1162502463,127655.31417263002,0.0063827657086315,71428.1162502463,107401.3506626415,71428.1162502463,107401.35066264466,4.148602711504204,6.2379572354564505,4.148602711504204,6.2379572354566335,7.5,3.75,4.148602711504204,6.2379572354564505,4.148602711504204,6.2379572354566335,6.2379572354564505,6.2379572354566335,7.5,6.2379572354564505,6.2379572354566335,phi 12.5 c/ 20.0 cm,phi 12.5 c/ 17.5 cm,phi 12.5 c/ 20.0 cm,phi 12.5 c/ 17.5 cm
19,9.5,1.5,-12766.79997352042,-41930.56577649884,-55697.70921596808,110202.6709301172,0.0055101335465058,55697.70921596808,68464.5091894885,55697.70921596808,97628.27499246693,3.2349679595132974,3.9764740185814023,3.2349679595132974,5.670329103097826,7.5,3.75,3.75,3.9764740185814023,3.75,5.670329103097826,3.9764740185814023,5.670329103097826,7.5,3.9764740185814023,5.670329103097826,phi 12.5 c/ 20.0 cm,phi 12.5 c/ 20.0 cm,phi 12.5 c/ 20.0 cm,phi 12.5 c/ 20.0 cm
20,0.5,2.5,-7891.118364797552,-57346.423931650665,55489.11887186604,121051.94633929152,0.0060525973169645,55489.11887186604,63380.2372366636,55489.11887186604,112835.5428035167,3.222852863769997,3.681175395058744,3.222852863769997,6.553579506264858,7.5,3.75,3.75,3.75,3.75,6.553579506264858,3.681175395058744,6.553579506264858,7.5,3.75,6.553579506264858,phi 12.5 c/ 20.0 cm,phi 12.5 c/ 20.0 cm,phi 12.5 c/ 20.0 cm,phi 12.5 c/ 17.5 cm
21,1.5,2.5,-25682.75739414385,-68284.51646168766,73723.36113626685,143306.74603652715,0.0071653373018263,73723.36113626685,99406.11853041069,73723.36113626685,142007.8775979545,4.281912389227619,5.773587692422843,4.281912389227619,8.24793228472968,7.5,3.75,4.281912389227619,5.773587692422843,4.281912389227619,8.24793228472968,5.773587692422843,8.24793228472968,7.5,5.773587692422843,8.24793228472968,phi 12.5 c/ 20.0 cm,phi 12.5 c/ 20.0 cm,phi 12.5 c/ 20.0 cm,phi 12.5 c/ 12.5 cm
22,2.5,2.5,-75898.12716797905,-75898.12716797985,88090.71774725246,164597.71931576385,0.0082298859657881,88090.71774725246,163988.84491523152,88090.71774725246,163988.84491523233,5.116380071178805,9.524604628914961,5.116380071178805,9.524604628915007,7.5,3.75,5.116380071178805,9.524604628914961,5.116380071178805,9.524604628915007,9.524604628914961,9.524604628915007,7.5,9.524604628914961,9.524604628915007,phi 12.5 c/ 20.0 cm,phi 12.5 c/ 12.5 cm,phi 12.5 c/ 20.0 cm,phi 12.5 c/ 12.5 cm
23,3.5,2.5,-140025.58640744755,-58700.27809256104,81902.70963368035,182035.17240126408,0.0091017586200632,81902.70963368035,221928.2960411279,81902.70963368035,140602.9877262414,4.75697555953194,12.889774770065507,4.75697555953194,8.16633514571604,7.5,3.75,4.75697555953194,12.889774770065507,4.75697555953194,8.16633514571604,12.889774770065507,8.16633514571604,7.5,12.889774770065507,8.16633514571604,phi 12.5 c/ 20.0 cm,phi 12.5 c/ 7.5 cm,phi 12.5 c/ 20.0 cm,phi 12.5 c/ 15.0 cm
24,4.5,2.5,-178361.63151673027,-35938.92470055183,30681.49865508631,191900.92961644987,0.0095950464808224,30681.49865508631,209043.13017181656,30681.49865508631,66620.42335563814,1.782006235017639,12.141393924120656,1.782006235017639,3.8693680231810026,7.5,3.75,3.75,12.141393924120656,3.75,3.8693680231810026,12.141393924120656,3.8693680231810026,7.5,12.141393924120656,3.8693680231810026,phi 12.5 c/ 20.0 cm,phi 12.5 c/ 10.0 cm,phi 12.5 c/ 20.0 cm,phi 12.5 c/ 20.0 cm
25,5.5,2.5,-178361.63151673117,-35938.92470055189,-30681.498655089512,191900.929616449,0.0095950464808224,30681.498655089512,209043.1301718207,30681.498655089512,66620.4233556414,1.782006235017825,12.141393924120898,1.782006235017825,3.8693680231811918,7.5,3.75,3.75,12.141393924120898,3.75,3.8693680231811918,12.141393924120898,3.8693680231811918,7.5,12.141393924120898,3.8693680231811918,phi 12.5 c/ 20.0 cm,phi 12.5 c/ 10.0 cm,phi 12.5 c/ 20.0 cm,phi 12.5 c/ 20.0 cm
26,6.5,2.5,-140025.58640744883,-58700.27809256266,-81902.7096336839,182035.1724012614,0.009101758620063,81902.7096336839,221928.29604113274,81902.7096336839,140602.98772624656,4.756975559532146,12.88977477006579,4.756975559532146,8.16633514571634,7.5,3.75,4.756975559532146,12.88977477006579,4.756975559532146,8.16633514571634,12.88977477006579,8.16633514571634,7.5,12.88977477006579,8.16633514571634,phi 12.5 c/ 20.0 cm,phi 12.5 c/ 7.5 cm,phi 12.5 c/ 20.0 cm,phi 12.5 c/ 15.0 cm
27,7.5,2.5,-75898.12716798198,-75898.12716798355,-88090.71774725907,164597.7193157593,0.0082298859657879,88090.71774725907,163988.84491524106,88090.71774725907,163988.84491524263,5.116380071179188,9.524604628915515,5.116380071179188,9.524604628915606,7.5,3.75,5.116380071179188,9.524604628915515,5.116380071179188,9.524604628915606,9.524604628915515,9.524604628915606,7.5,9.524604628915515,9.524604628915606,phi 12.5 c/ 20.0 cm,phi 12.5 c/ 12.5 cm,phi 12.5 c/ 20.0 cm,phi 12.5 c/ 12.5 cm
28,8.5,2.5,-25682.75739414373,-68284.5164616905,-73723.36113627188,143306.7460365206,0.007165337301826,73723.36113627188,99406.11853041561,73723.36113627188,142007.8775979624,4.281912389227912,5.773587692423128,4.281912389227912,8.247932284730139,7.5,3.75,4.281912389227912,5.773587692423128,4.281912389227912,8.247932284730139,5.773587692423128,8.247932284730139,7.5,5.773587692423128,8.247932284730139,phi 12.5 c/ 20.0 cm,phi 12.5 c/ 20.0 cm,phi 12.5 c/ 20.0 cm,phi 12.5 c/ 12.5 cm
29,9.5,2.5,-7891.118364797136,-57346.42393165274,-55489.11887187164,121051.946339283,0.0060525973169641,55489.11887187164,63380.23723666877,55489.11887187164,112835.54280352438,3.222852863770322,3.6811753950590442,3.222852863770322,6.553579506265304,7.5,3.75,3.75,3.75,3.75,6.553579506265304,3.6811753950590442,6.553579506265304,7.5,3.75,6.553579506265304,phi 12.5 c/ 20.0 cm,phi 12.5 c/ 20.0 cm,phi 12.5 c/ 20.0 cm,phi 12.5 c/ 17.5 cm
30,0.5,3.5,-2707.5326466275983,-64643.33071061987,41279.67126958722,128642.35757335366,0.0064321178786676,41279.67126958722,43987.203916214814,41279.67126958722,105923.00198020709,2.3975566646477424,2.5548123486690417,2.3975566646477424,6.152093549355461,7.5,3.75,3.75,3.75,3.75,6.152093549355461,2.5548123486690417,6.152093549355461,7.5,3.75,6.152093549355461,phi 12.5 c/ 20.0 cm,phi 12.5 c/ 20.0 cm,phi 12.5 c/ 20.0 cm,phi 12.5 c/ 17.5 cm
31,1.5,3.5,-9581.513269694917,-94591.62929359912,56760.46149229425,155169.12239325905,0.0077584561196629,56760.46149229425,66341.97476198917,56760.46149229425,151352.09078589338,3.2966934705120394,3.853195503852906,3.2966934705120394,8.790651737564513,7.5,3.75,3.75,3.853195503852906,3.75,8.790651737564513,3.853195503852906,8.790651737564513,7.5,3.853195503852906,8.790651737564513,phi 12.5 c/ 20.0 cm,phi 12.5 c/ 20.0 cm,phi 12.5 c/ 20.0 cm,phi 12.5 c/ 12.5 cm
32,2.5,3.5,-58700.27809256046,-140025.58640745532,81902.70963367925,182035.1724012663,0.0091017586200633,81902.70963367925,140602.98772623972,81902.70963367925,221928.29604113457,4.756975559531875,8.166335145715943,4.756975559531875,12.889774770065896,7.5,3.75,4.756975559531875,8.166335145715943,4.756975559531875,12.889774770065896,8.166335145715943,12.889774770065896,7.5,8.166335145715943,12.889774770065896,phi 12.5 c/ 20.0 cm,phi 12.5 c/ 15.0 cm,phi 12.5 c/ 20.0 cm,phi 12.5 c/ 7.5 cm
33,3.5,3.5,-184088.9133592556,-184088.913359263,105778.0507870268,206525.99350190067,0.010326299675095,105778.0507870268,289866.9641462824,105778.0507870268,289866.9641462898,6.143674666923274,16.835707513546705,6.143674666923274,16.835707513547135,7.5,3.75,6.143674666923274,16.835707513546705,6.143674666923274,16.835707513547135,16.835707513546705,16.835707513547135,7.5,16.835707513546705,16.835707513547135,phi 12.5 c/ 17.5 cm,phi 16.0 c/ 10.0 cm,phi 12.5 c/ 17.5 cm,phi 16.0 c/ 10.0 cm
34,4.5,3.5,-302433.32520673564,-153452.934913221,66944.81512086757,221925.90307863947,0.0110962951539319,66944.81512086757,369378.1403276032,66944.81512086757,220397.75003408856,3.8882089590402877,21.453780877613315,3.8882089590402877,12.80087942117181,7.5,3.75,3.8882089590402877,21.453780877613315,3.8882089590402877,12.80087942117181,21.453780877613315,12.80087942117181,7.5,21.453780877613315,12.80087942117181,phi 12.5 c/ 20.0 cm,phi 16.0 c/ 7.5 cm,phi 12.5 c/ 20.0 cm,phi 12.5 c/ 7.5 cm
35,5.5,3.5,-302433.32520673476,-153452.9349132196,-66944.81512087054,221925.9030786384,0.0110962951539319,66944.81512087054,369378.1403276053,66944.81512087054,220397.75003409013,3.88820895904046,21.453780877613436,3.88820895904046,12.800879421171901,7.5,3.75,3.88820895904046,21.453780877613436,3.88820895904046,12.800879421171901,21.453780877613436,12.800879421171901,7.5,21.453780877613436,12.800879421171901,phi 12.5 c/ 20.0 cm,phi 16.0 c/ 7.5 cm,phi 12.5 c/ 20.0 cm,phi 12.5 c/ 7.5 cm
36,6.5,3.5,-184088.9133592608,-184088.9133592624,-105778.05078703145,206525.99350189755,0.0103262996750948,105778.05078703145,289866.96414629224,105778.05078703145,289866.9641462938,6.143674666923542,16.835707513547273,6.143674666923542,16.835707513547366,7.5,3.75,6.143674666923542,16.835707513547273,6.143674666923542,16.835707513547366,16.835707513547273,16.835707513547366,7.5,16.835707513547273,16.835707513547366,phi 12.5 c/ 17.5 cm,phi 16.0 c/ 10.0 cm,phi 12.5 c/ 17.5 cm,phi 16.0 c/ 10.0 cm
37,7.5,3.5,-58700.278092562905,-140025.58640745457,-81902.70963368648,182035.17240126093,0.009101758620063,81902.70963368648,140602.98772624938,81902.70963368648,221928.29604114103,4.756975559532295,8.166335145716504,4.756975559532295,12.889774770066271,7.5,3.75,4.756975559532295,8.166335145716504,4.756975559532295,12.889774770066271,8.166335145716504,12.889774770066271,7.5,8.166335145716504,12.889774770066271,phi 12.5 c/ 20.0 cm,phi 12.5 c/ 15.0 cm,phi 12.5 c/ 20.0 cm,phi 12.5 c/ 7.5 cm
38,8.5,3.5,-9581.513269694611,-94591.62929359924,-56760.461492300754,155169.12239325116,0.0077584561196625,56760.461492300754,66341.97476199537,56760.461492300754,151352.09078589999,3.2966934705124173,3.8531955038532657,3.2966934705124173,8.790651737564897,7.5,3.75,3.75,3.8531955038532657,3.75,8.790651737564897,3.8531955038532657,8.790651737564897,7.5,3.8531955038532657,8.790651737564897,phi 12.5 c/ 20.0 cm,phi 12.5 c/ 20.0 cm,phi 12.5 c/ 20.0 cm,phi 12.5 c/ 12.5 cm
39,9.5,3.5,-2707.5326466232127,-64643.33071061927,-41279.67126959143,128642.3575733434,0.0064321178786671,41279.67126959143,43987.20391621465,41279.67126959143,105923.00198021071,2.3975566646479867,2.5548123486690324,2.3975566646479867,6.152093549355672,7.5,3.75,3.75,3.75,3.75,6.152093549355672,2.5548123486690324,6.152093549355672,7.5,3.75,6.152093549355672,phi 12.5 c/ 20.0 cm,phi 12.5 c/ 20.0 cm,phi 12.5 c/ 20.0 cm,phi 12.5 c/ 17.5 cm
40,0.5,4.5,1085.6428434936824,-67238.88368163494,15258.694920278833,132520.34553590737,0.0066260172767953,16344.337763772515,15258.694920278833,15258.694920278833,82497.57860191377,0.9492923448655753,0.8862373312283159,0.8862373312283159,4.791526029909133,7.5,3.75,3.75,3.75,3.75,4.791526029909133,0.9492923448655753,4.791526029909133,7.5,3.75,4.791526029909133,phi 12.5 c/ 20.0 cm,phi 12.5 c/ 20.0 cm,phi 12.5 c/ 20.0 cm,phi 12.5 c/ 20.0 cm
41,1.5,4.5,2160.154496833675,-108252.07215215018,21275.495208192675,161565.12998276338,0.0080782564991381,23435.64970502635,21275.495208192675,21275.495208192675,129527.56736034286,1.3611614727666816,1.2356979540111908,1.2356979540111908,7.523065781030014,7.5,3.75,3.75,3.75,3.75,7.523065781030014,1.3611614727666816,7.523065781030014,7.5,3.75,7.523065781030014,phi 12.5 c/ 20.0 cm,phi 12.5 c/ 20.0 cm,phi 12.5 c/ 20.0 cm,phi 12.5 c/ 15.0 cm
42,2.5,4.5,-35938.92470054881,-178361.63151673632,30681.49865508662,191900.9296164539,0.0095950464808226,30681.49865508662,66620.42335563543,30681.49865508662,209043.13017182294,1.782006235017657,3.8693680231808454,1.782006235017657,12.141393924121028,7.5,3.75,3.75,3.8693680231808454,3.75,12.141393924121028,3.8693680231808454,12.141393924121028,7.5,3.8693680231808454,12.141393924121028,phi 12.5 c/ 20.0 cm,phi 12.5 c/ 20.0 cm,phi 12.5 c/ 20.0 cm,phi 12.5 c/ 10.0 cm
43,3.5,4.5,-153452.9349132145,-302433.3252067399,66944.81512086689,221925.90307864128,0.011096295153932,66944.81512086689,220397.7500340814,66944.81512086689,369378.14032760676,3.888208959040248,12.800879421171393,3.888208959040248,21.45378087761352,7.5,3.75,3.888208959040248,12.800879421171393,3.888208959040248,21.45378087761352,12.800879421171393,21.45378087761352,7.5,12.800879421171393,21.45378087761352,phi 12.5 c/ 20.0 cm,phi 12.5 c/ 7.5 cm,phi 12.5 c/ 20.0 cm,phi 16.0 c/ 7.5 cm
44,4.5,4.5,-513862.12530873955,-513862.1253087451,63445.67334886708,245066.60588944991,0.0122533302944724,63445.67334886708,577307.7986576066,63445.67334886708,577307.7986576122,3.6849759773331887,33.53050345738624,3.6849759773331887,33.530503457386565,7.5,3.75,3.75,33.53050345738624,3.75,33.530503457386565,33.53050345738624,33.530503457386565,7.5,33.53050345738624,33.530503457386565,phi 12.5 c/ 20.0 cm,phi 20.0 c/ 7.5 cm,phi 12.5 c/ 20.0 cm,phi 20.0 c/ 7.5 cm
45,5.5,4.5,-513862.125308743,-513862.1253087477,-63445.67334887171,245066.6058894488,0.0122533302944724,63445.67334887171,577307.7986576147,63445.67334887171,577307.7986576194,3.6849759773334574,33.53050345738671,3.6849759773334574,33.530503457386985,7.5,3.75,3.75,33.53050345738671,3.75,33.530503457386985,33.53050345738671,33.530503457386985,7.5,33.53050345738671,33.530503457386985,phi 12.5 c/ 20.0 cm,phi 20.0 c/ 7.5 cm,phi 12.5 c/ 20.0 cm,phi 20.0 c/ 7.5 cm
46,6.5,4.5,-153452.934913221,-302433.32520674693,-66944.81512087409,221925.90307863776,0.0110962951539318,66944.81512087409,220397.75003409508,66944.81512087409,369378.140327621,3.8882089590406665,12.800879421172187,3.8882089590406665,21.453780877614353,7.5,3.75,3.8882089590406665,12.800879421172187,3.8882089590406665,21.453780877614353,12.800879421172187,21.453780877614353,7.5,12.800879421172187,21.453780877614353,phi 12.5 c/ 20.0 cm,phi 12.5 c/ 7.5 cm,phi 12.5 c/ 20.0 cm,phi 16.0 c/ 7.5 cm
47,7.5,4.5,-35938.924700553456,-178361.63151674037,-30681.498655091546,191900.92961644768,0.0095950464808223,30681.498655091546,66620.423355645,30681.498655091546,209043.1301718319,1.7820062350179429,3.8693680231814014,1.7820062350179429,12.141393924121548,7.5,3.75,3.75,3.8693680231814014,3.75,12.141393924121548,3.8693680231814014,12.141393924121548,7.5,3.8693680231814014,12.141393924121548,phi 12.5 c/ 20.0 cm,phi 12.5 c/ 20.0 cm,phi 12.5 c/ 20.0 cm,phi 12.5 c/ 10.0 cm
48,8.5,4.5,2160.1544968361304,-108252.07215214746,-21275.49520819814,161565.12998275418,0.0080782564991377,23435.64970503427,21275.49520819814,21275.49520819814,129527.5673603456,1.361161472767142,1.2356979540115078,1.2356979540115078,7.523065781030173,7.5,3.75,3.75,3.75,3.75,7.523065781030173,1.361161472767142,7.523065781030173,7.5,3.75,7.523065781030173,phi 12.5 c/ 20.0 cm,phi 12.5 c/ 20.0 cm,phi 12.5 c/ 20.0 cm,phi 12.5 c/ 15.0 cm
49,9.5,4.5,1085.64284350014,-67238.88368163067,-15258.694920282896,132520.34553589538,0.0066260172767947,16344.337763783036,15258.694920282896,15258.694920282896,82497.57860191357,0.9492923448661864,0.886237331228552,0.886237331228552,4.791526029909121,7.5,3.75,3.75,3.75,3.75,4.791526029909121,0.9492923448661864,4.791526029909121,7.5,3.75,4.791526029909121,phi 12.5 c/ 20.0 cm,phi 12.5 c/ 20.0 cm,phi 12.5 c/ 20.0 cm,phi 12.5 c/ 20.0 cm
50,0.5,5.5,1085.642843494481,-67238.88368163347,-15258.69492027722,132520.34553590798,0.0066260172767954,16344.3377637717,15258.69492027722,15258.69492027722,82497.57860191069,0.949292344865528,0.8862373312282222,0.8862373312282222,4.791526029908954,7.5,3.75,3.75,3.75,3.75,4.791526029908954,0.949292344865528,4.791526029908954,7.5,3.75,4.791526029908954,phi 12.5 c/ 20.0 cm,phi 12.5 c/ 20.0 cm,phi 12.5 c/ 20.0 cm,phi 12.5 c/ 20.0 cm
51,1.5,5.5,2160.154496832489,-108252.07215214834,-21275.495208193308,161565.129982764,0.0080782564991382,23435.649705025797,21275.495208193308,21275.495208193308,129527.56736034164,1.3611614727666497,1.2356979540112274,1.2356979540112274,7.523065781029943,7.5,3.75,3.75,3.75,3.75,7.523065781029943,1.3611614727666497,7.523065781029943,7.5,3.75,7.523065781029943,phi 12.5 c/ 20.0 cm,phi 12.5 c/ 20.0 cm,phi 12.5 c/ 20.0 cm,phi 12.5 c/ 15.0 cm
52,2.5,5.5,-35938.924700550386,-178361.63151673175,-30681.49865508906,191900.9296164545,0.0095950464808227,30681.49865508906,66620.42335563945,30681.49865508906,209043.1301718208,1.7820062350177988,3.8693680231810785,1.7820062350177988,12.141393924120903,7.5,3.75,3.75,3.8693680231810785,3.75,12.141393924120903,3.8693680231810785,12.141393924120903,7.5,3.8693680231810785,12.141393924120903,phi 12.5 c/ 20.0 cm,phi 12.5 c/ 20.0 cm,phi 12.5 c/ 20.0 cm,phi 12.5 c/ 10.0 cm
53,3.5,5.5,-153452.93491321293,-302433.3252067337,-66944.81512087201,221925.90307864168,0.011096295153932,66944.81512087201,220397.75003408495,66944.81512087201,369378.1403276057,3.8882089590405458,12.800879421171599,3.8882089590405458,21.45378087761346,7.5,3.75,3.8882089590405458,12.800879421171599,3.8882089590405458,21.45378087761346,12.800879421171599,21.45378087761346,7.5,12.800879421171599,21.45378087761346,phi 12.5 c/ 20.0 cm,phi 12.5 c/ 7.5 cm,phi 12.5 c/ 20.0 cm,phi 16.0 c/ 7.5 cm
54,4.5,5.5,-513862.12530873955,-513862.1253087416,-63445.67334887158,245066.60588945023,0.0122533302944725,63445.67334887158,577307.7986576111,63445.67334887158,577307.7986576131,3.68497597733345,33.5305034573865,3.68497597733345,33.530503457386615,7.5,3.75,3.75,33.5305034573865,3.75,33.530503457386615,33.5305034573865,33.530503457386615,7.5,33.5305034573865,33.530503457386615,phi 12.5 c/ 20.0 cm,phi 20.0 c/ 7.5 cm,phi 12.5 c/ 20.0 cm,phi 20.0 c/ 7.5 cm
55,5.5,5.5,-513862.1253087444,-513862.1253087458,63445.67334886436,245066.60588944893,0.0122533302944724,63445.67334886436,577307.7986576087,63445.67334886436,577307.7986576101,3.68497597733303,33.53050345738636,3.68497597733303,33.53050345738644,7.5,3.75,3.75,33.53050345738636,3.75,33.53050345738644,33.53050345738636,33.53050345738644,7.5,33.53050345738636,33.53050345738644,phi 12.5 c/ 20.0 cm,phi 20.0 c/ 7.5 cm,phi 12.5 c/ 20.0 cm,phi 20.0 c/ 7.5 cm
56,6.5,5.5,-153452.93491321846,-302433.32520674117,66944.81512086507,221925.90307863755,0.0110962951539318,66944.81512086507,220397.75003408352,66944.81512086507,369378.14032760623,3.8882089590401425,12.800879421171517,3.8882089590401425,21.453780877613493,7.5,3.75,3.8882089590401425,12.800879421171517,3.8882089590401425,21.453780877613493,12.800879421171517,21.453780877613493,7.5,12.800879421171517,21.453780877613493,phi 12.5 c/ 20.0 cm,phi 12.5 c/ 7.5 cm,phi 12.5 c/ 20.0 cm,phi 16.0 c/ 7.5 cm
57,7.5,5.5,-35938.92470055293,-178361.6315167394,30681.49865508692,191900.9296164472,0.0095950464808223,30681.49865508692,66620.42335563985,30681.49865508692,209043.13017182634,1.7820062350176746,3.869368023181102,1.7820062350176746,12.141393924121225,7.5,3.75,3.75,3.869368023181102,3.75,12.141393924121225,3.869368023181102,12.141393924121225,7.5,3.869368023181102,12.141393924121225,phi 12.5 c/ 20.0 cm,phi 12.5 c/ 20.0 cm,phi 12.5 c/ 20.0 cm,phi 12.5 c/ 10.0 cm
58,8.5,5.5,2160.154496835563,-108252.07215215122,21275.49520819209,161565.1299827536,0.0080782564991376,23435.649705027652,21275.49520819209,21275.49520819209,129527.56736034331,1.3611614727667576,1.2356979540111566,1.2356979540111566,7.52306578103004,7.5,3.75,3.75,3.75,3.75,7.52306578103004,1.3611614727667576,7.52306578103004,7.5,3.75,7.52306578103004,phi 12.5 c/ 20.0 cm,phi 12.5 c/ 20.0 cm,phi 12.5 c/ 20.0 cm,phi 12.5 c/ 15.0 cm
59,9.5,5.5,1085.642843497364,-67238.8836816308,15258.694920275531,132520.34553589454,0.0066260172767947,16344.337763772895,15258.694920275531,15258.694920275531,82497.57860190634,0.9492923448655974,0.8862373312281242,0.8862373312281242,4.791526029908701,7.5,3.75,3.75,3.75,3.75,4.791526029908701,0.9492923448655974,4.791526029908701,7.5,3.75,4.791526029908701,phi 12.5 c/ 20.0 cm,phi 12.5 c/ 20.0 cm,phi 12.5 c/ 20.0 cm,phi 12.5 c/ 20.0 cm
60,0.5,6.5,-2707.5326466276783,-64643.330710615934,-41279.671269585575,128642.35757335564,0.0064321178786677,41279.671269585575,43987.20391621326,41279.671269585575,105923.00198020152,2.3975566646476465,2.5548123486689516,2.3975566646476465,6.152093549355138,7.5,3.75,3.75,3.75,3.75,6.152093549355138,2.5548123486689516,6.152093549355138,7.5,3.75,6.152093549355138,phi 12.5 c/ 20.0 cm,phi 12.5 c/ 20.0 cm,phi 12.5 c/ 20.0 cm,phi 12.5 c/ 17.5 cm
61,1.5,6.5,-9581.51326969793,-94591.62929359468,-56760.46149229387,155169.12239326112,0.007758456119663,56760.46149229387,66341.9747619918,56760.46149229387,151352.09078588855,3.296693470512017,3.853195503853059,3.296693470512017,8.790651737564232,7.5,3.75,3.75,3.853195503853059,3.75,8.790651737564232,3.853195503853059,8.790651737564232,7.5,3.853195503853059,8.790651737564232,phi 12.5 c/ 20.0 cm,phi 12.5 c/ 20.0 cm,phi 12.5 c/ 20.0 cm,phi 12.5 c/ 12.5 cm
62,2.5,6.5,-58700.27809256453,-140025.5864074509,-81902.70963368044,182035.17240126824,0.0091017586200634,81902.70963368044,140602.98772624496,81902.70963368044,221928.29604113134,4.756975559531944,8.166335145716246,4.756975559531944,12.889774770065706,7.5,3.75,4.756975559531944,8.166335145716246,4.756975559531944,12.889774770065706,8.166335145716246,12.889774770065706,7.5,8.166335145716246,12.889774770065706,phi 12.5 c/ 20.0 cm,phi 12.5 c/ 15.0 cm,phi 12.5 c/ 20.0 cm,phi 12.5 c/ 7.5 cm
63,3.5,6.5,-184088.9133592573,-184088.91335925952,-105778.05078703136,206525.99350190215,0.0103262996750951,105778.05078703136,289866.9641462887,105778.05078703136,289866.9641462909,6.1436746669235385,16.835707513547067,6.1436746669235385,16.835707513547195,7.5,3.75,6.1436746669235385,16.835707513547067,6.1436746669235385,16.835707513547195,16.835707513547067,16.835707513547195,7.5,16.835707513547067,16.835707513547195,phi 12.5 c/ 17.5 cm,phi 16.0 c/ 10.0 cm,phi 12.5 c/ 17.5 cm,phi 16.0 c/ 10.0 cm
64,4.5,6.5,-302433.3252067374,-153452.93491321892,-66944.81512087415,221925.9030786405,0.011096295153932,66944.81512087415,369378.14032761153,66944.81512087415,220397.75003409307,3.8882089590406697,21.453780877613802,3.8882089590406697,12.80087942117207,7.5,3.75,3.8882089590406697,21.453780877613802,3.8882089590406697,12.80087942117207,21.453780877613802,12.80087942117207,7.5,21.453780877613802,12.80087942117207,phi 12.5 c/ 20.0 cm,phi 16.0 c/ 7.5 cm,phi 12.5 c/ 20.0 cm,phi 12.5 c/ 7.5 cm
65,5.5,6.5,-302433.3252067379,-153452.93491321895,66944.81512086363,221925.9030786389,0.0110962951539319,66944.81512086363,369378.1403276015,66944.81512086363,220397.75003408256,3.888208959040059,21.453780877613216,3.888208959040059,12.80087942117146,7.5,3.75,3.888208959040059,21.453780877613216,3.888208959040059,12.80087942117146,21.453780877613216,12.80087942117146,7.5,21.453780877613216,12.80087942117146,phi 12.5 c/ 20.0 cm,phi 16.0 c/ 7.5 cm,phi 12.5 c/ 20.0 cm,phi 12.5 c/ 7.5 cm
66,6.5,6.5,-184088.9133592596,-184088.91335925896,105778.05078702318,206525.99350189703,0.0103262996750948,105778.05078702318,289866.96414628276,105778.05078702318,289866.9641462822,6.143674666923063,16.835707513546723,6.143674666923063,16.83570751354669,7.5,3.75,6.143674666923063,16.835707513546723,6.143674666923063,16.83570751354669,16.835707513546723,16.83570751354669,7.5,16.835707513546723,16.83570751354669,phi 12.5 c/ 17.5 cm,phi 16.0 c/ 10.0 cm,phi 12.5 c/ 17.5 cm,phi 16.0 c/ 10.0 cm
67,7.5,6.5,-58700.278092559674,-140025.58640745198,81902.70963367628,182035.17240125965,0.0091017586200629,81902.70963367628,140602.98772623594,81902.70963367628,221928.29604112825,4.7569755595317025,8.166335145715722,4.7569755595317025,12.889774770065529,7.5,3.75,4.7569755595317025,8.166335145715722,4.7569755595317025,12.889774770065529,8.166335145715722,12.889774770065529,7.5,8.166335145715722,12.889774770065529,phi 12.5 c/ 20.0 cm,phi 12.5 c/ 15.0 cm,phi 12.5 c/ 20.0 cm,phi 12.5 c/ 7.5 cm
68,8.5,6.5,-9581.513269693232,-94591.62929360046,56760.46149229484,155169.12239324927,0.0077584561196624,56760.46149229484,66341.97476198807,56760.46149229484,151352.0907858953,3.2966934705120736,3.853195503852842,3.2966934705120736,8.790651737564625,7.5,3.75,3.75,3.853195503852842,3.75,8.790651737564625,3.853195503852842,8.790651737564625,7.5,3.853195503852842,8.790651737564625,phi 12.5 c/ 20.0 cm,phi 12.5 c/ 20.0 cm,phi 12.5 c/ 20.0 cm,phi 12.5 c/ 12.5 cm
69,9.5,6.5,-2707.5326466269016,-64643.330710621085,41279.67126958729,128642.3575733408,0.006432117878667,41279.67126958729,43987.203916214195,41279.67126958729,105923.00198020838,2.3975566646477464,2.554812348669006,2.3975566646477464,6.152093549355536,7.5,3.75,3.75,3.75,3.75,6.152093549355536,2.554812348669006,6.152093549355536,7.5,3.75,6.152093549355536,phi 12.5 c/ 20.0 cm,phi 12.5 c/ 20.0 cm,phi 12.5 c/ 20.0 cm,phi 12.5 c/ 17.5 cm
70,0.5,7.5,-7891.118364800128,-57346.42393164854,-55489.11887186496,121051.9463392951,0.0060525973169647,55489.11887186496,63380.23723666508,55489.11887186496,112835.5428035135,3.2228528637699343,3.68117539505883,3.2228528637699343,6.553579506264672,7.5,3.75,3.75,3.75,3.75,6.553579506264672,3.68117539505883,6.553579506264672,7.5,3.75,6.553579506264672,phi 12.5 c/ 20.0 cm,phi 12.5 c/ 20.0 cm,phi 12.5 c/ 20.0 cm,phi 12.5 c/ 17.5 cm
71,1.5,7.5,-25682.75739415003,-68284.51646169012,-73723.36113626712,143306.74603653088,0.0071653373018265,73723.36113626712,99406.11853041715,73723.36113626712,142007.87759795724,4.281912389227635,5.7735876924232175,4.281912389227635,8.247932284729838,7.5,3.75,4.281912389227635,5.7735876924232175,4.281912389227635,8.247932284729838,5.7735876924232175,8.247932284729838,7.5,5.7735876924232175,8.247932284729838,phi 12.5 c/ 20.0 cm,phi 12.5 c/ 20.0 cm,phi 12.5 c/ 20.0 cm,phi 12.5 c/ 12.5 cm
72,2.5,7.5,-75898.12716798704,-75898.12716798596,-88090.71774725463,164597.7193157674,0.0082298859657883,88090.71774725463,163988.84491524167,88090.71774725463,163988.8449152406,5.11638007117893,9.52460462891555,5.11638007117893,9.524604628915489,7.5,3.75,5.11638007117893,9.52460462891555,5.11638007117893,9.524604628915489,9.52460462891555,9.524604628915489,7.5,9.52460462891555,9.524604628915489,phi 12.5 c/ 20.0 cm,phi 12.5 c/ 12.5 cm,phi 12.5 c/ 20.0 cm,phi 12.5 c/ 12.5 cm
73,3.5,7.5,-140025.58640745303,-58700.27809256279,-81902.70963368345,182035.17240126705,0.0091017586200633,81902.70963368345,221928.2960411365,81902.70963368345,140602.98772624624,4.756975559532119,12.889774770066007,4.756975559532119,8.166335145716321,7.5,3.75,4.756975559532119,12.889774770066007,4.756975559532119,8.166335145716321,12.889774770066007,8.166335145716321,7.5,12.889774770066007,8.166335145716321,phi 12.5 c/ 20.0 cm,phi 12.5 c/ 7.5 cm,phi 12.5 c/ 20.0 cm,phi 12.5 c/ 15.0 cm
74,4.5,7.5,-178361.6315167357,-35938.924700549476,-30681.498655092582,191900.9296164519,0.0095950464808225,30681.498655092582,209043.1301718283,30681.498655092582,66620.42335564207,1.7820062350180035,12.14139392412134,1.7820062350180035,3.869368023181231,7.5,3.75,3.75,12.14139392412134,3.75,3.869368023181231,12.14139392412134,3.869368023181231,7.5,12.14139392412134,3.869368023181231,phi 12.5 c/ 20.0 cm,phi 12.5 c/ 10.0 cm,phi 12.5 c/ 20.0 cm,phi 12.5 c/ 20.0 cm
75,5.5,7.5,-178361.63151673294,-35938.92470054961,30681.498655082283,191900.92961644987,0.0095950464808224,30681.498655082283,209043.13017181522,30681.498655082283,66620.4233556319,1.7820062350174053,12.14139392412058,1.7820062350174053,3.8693680231806398,7.5,3.75,3.75,12.14139392412058,3.75,3.8693680231806398,12.14139392412058,3.8693680231806398,7.5,12.14139392412058,3.8693680231806398,phi 12.5 c/ 20.0 cm,phi 12.5 c/ 10.0 cm,phi 12.5 c/ 20.0 cm,phi 12.5 c/ 20.0 cm
76,6.5,7.5,-140025.58640745163,-58700.2780925638,81902.70963367658,182035.17240126085,0.009101758620063,81902.70963367658,221928.29604112823,81902.70963367658,140602.9877262404,4.75697555953172,12.889774770065527,4.75697555953172,8.166335145715982,7.5,3.75,4.75697555953172,12.889774770065527,4.75697555953172,8.166335145715982,12.889774770065527,8.166335145715982,7.5,12.889774770065527,8.166335145715982,phi 12.5 c/ 20.0 cm,phi 12.5 c/ 7.5 cm,phi 12.5 c/ 20.0 cm,phi 12.5 c/ 15.0 cm
77,7.5,7.5,-75898.12716797709,-75898.12716798151,88090.71774725003,164597.71931575725,0.0082298859657878,88090.71774725003,163988.84491522712,88090.71774725003,163988.84491523154,5.116380071178663,9.524604628914705,5.116380071178663,9.524604628914963,7.5,3.75,5.116380071178663,9.524604628914705,5.116380071178663,9.524604628914963,9.524604628914705,9.524604628914963,7.5,9.524604628914705,9.524604628914963,phi 12.5 c/ 20.0 cm,phi 12.5 c/ 12.5 cm,phi 12.5 c/ 20.0 cm,phi 12.5 c/ 12.5 cm
78,8.5,7.5,-25682.757394139586,-68284.51646168678,73723.36113626443,143306.74603651726,0.0071653373018258,73723.36113626443,99406.11853040401,73723.36113626443,142007.8775979512,4.281912389227479,5.7735876924224545,4.281912389227479,8.247932284729488,7.5,3.75,4.281912389227479,5.7735876924224545,4.281912389227479,8.247932284729488,5.7735876924224545,8.247932284729488,7.5,5.7735876924224545,8.247932284729488,phi 12.5 c/ 20.0 cm,phi 12.5 c/ 20.0 cm,phi 12.5 c/ 20.0 cm,phi 12.5 c/ 12.5 cm
79,9.5,7.5,-7891.118364797465,-57346.42393165275,55489.11887186614,121051.94633927858,0.0060525973169639,55489.11887186614,63380.23723666361,55489.11887186614,112835.5428035189,3.222852863770003,3.681175395058745,3.222852863770003,6.553579506264986,7.5,3.75,3.75,3.75,3.75,6.553579506264986,3.681175395058745,6.553579506264986,7.5,3.75,6.553579506264986,phi 12.5 c/ 20.0 cm,phi 12.5 c/ 20.0 cm,phi 12.5 c/ 20.0 cm,phi 12.5 c/ 17.5 cm
80,0.5,8.5,-12766.799973522167,-41930.56577649646,-55697.70921596633,110202.67093012946,0.0055101335465064,55697.70921596633,68464.5091894885,55697.70921596633,97628.2749924628,3.2349679595131957,3.9764740185814023,3.2349679595131957,5.670329103097586,7.5,3.75,3.75,3.9764740185814023,3.75,5.670329103097586,3.9764740185814023,5.670329103097586,7.5,3.9764740185814023,5.670329103097586,phi 12.5 c/ 20.0 cm,phi 12.5 c/ 20.0 cm,phi 12.5 c/ 20.0 cm,phi 12.5 c/ 20.0 cm
81,1.5,8.5,-35973.23441240342,-35973.23441239969,-71428.11625024276,127655.31417264076,0.006382765708632,71428.11625024276,107401.35066264617,71428.11625024276,107401.35066264245,4.148602711503998,6.237957235456721,4.148602711503998,6.237957235456505,7.5,3.75,4.148602711503998,6.237957235456721,4.148602711503998,6.237957235456505,6.237957235456721,6.237957235456505,7.5,6.237957235456721,6.237957235456505,phi 12.5 c/ 20.0 cm,phi 12.5 c/ 17.5 cm,phi 12.5 c/ 20.0 cm,phi 12.5 c/ 17.5 cm
82,2.5,8.5,-68284.51646169268,-25682.75739414514,-73723.36113626718,143306.7460365298,0.0071653373018264,73723.36113626718,142007.87759795986,73723.36113626718,99406.11853041232,4.281912389227639,8.247932284729991,4.281912389227639,5.773587692422937,7.5,3.75,4.281912389227639,8.247932284729991,4.281912389227639,5.773587692422937,8.247932284729991,5.773587692422937,7.5,8.247932284729991,5.773587692422937,phi 12.5 c/ 20.0 cm,phi 12.5 c/ 12.5 cm,phi 12.5 c/ 20.0 cm,phi 12.5 c/ 20.0 cm
83,3.5,8.5,-94591.62929359986,-9581.513269695137,-56760.46149229637,155169.12239325876,0.0077584561196629,56760.46149229637,151352.09078589623,56760.46149229637,66341.9747619915,3.296693470512162,8.79065173756468,3.296693470512162,3.8531955038530414,7.5,3.75,3.75,8.79065173756468,3.75,3.8531955038530414,8.79065173756468,3.8531955038530414,7.5,8.79065173756468,3.8531955038530414,phi 12.5 c/ 20.0 cm,phi 12.5 c/ 12.5 cm,phi 12.5 c/ 20.0 cm,phi 12.5 c/ 20.0 cm
84,4.5,8.5,-108252.07215215232,2160.154496835308,-21275.495208197313,161565.12998276006,0.008078256499138,21275.495208197313,129527.56736034964,23435.64970503262,21275.495208197313,1.2356979540114599,7.523065781030407,1.361161472767046,1.2356979540114599,7.5,3.75,3.75,7.523065781030407,3.75,3.75,7.523065781030407,1.361161472767046,7.5,7.523065781030407,3.75,phi 12.5 c/ 20.0 cm,phi 12.5 c/ 15.0 cm,phi 12.5 c/ 20.0 cm,phi 12.5 c/ 20.0 cm
85,5.5,8.5,-108252.07215214612,2160.154496838426,21275.495208187614,161565.12998275756,0.0080782564991378,21275.495208187614,129527.56736033373,23435.64970502604,21275.495208187614,1.2356979540108965,7.523065781029484,1.3611614727666637,1.2356979540108965,7.5,3.75,3.75,7.523065781029484,3.75,3.75,7.523065781029484,1.3611614727666637,7.5,7.523065781029484,3.75,phi 12.5 c/ 20.0 cm,phi 12.5 c/ 15.0 cm,phi 12.5 c/ 20.0 cm,phi 12.5 c/ 20.0 cm
86,6.5,8.5,-94591.6292935931,-9581.513269689844,56760.46149228904,155169.12239325157,0.0077584561196625,56760.46149228904,151352.09078588214,56760.46149228904,66341.97476197888,3.2966934705117366,8.790651737563861,3.2966934705117366,3.8531955038523082,7.5,3.75,3.75,8.790651737563861,3.75,3.8531955038523082,8.790651737563861,3.8531955038523082,7.5,8.790651737563861,3.8531955038523082,phi 12.5 c/ 20.0 cm,phi 12.5 c/ 12.5 cm,phi 12.5 c/ 20.0 cm,phi 12.5 c/ 20.0 cm
87,7.5,8.5,-68284.51646168146,-25682.757394139968,73723.36113626321,143306.74603651825,0.0071653373018259,73723.36113626321,142007.87759794467,73723.36113626321,99406.11853040318,4.281912389227409,8.247932284729108,4.281912389227409,5.7735876924224065,7.5,3.75,4.281912389227409,8.247932284729108,4.281912389227409,5.7735876924224065,8.247932284729108,5.7735876924224065,7.5,8.247932284729108,5.7735876924224065,phi 12.5 c/ 20.0 cm,phi 12.5 c/ 12.5 cm,phi 12.5 c/ 20.0 cm,phi 12.5 c/ 20.0 cm
88,8.5,8.5,-35973.23441238984,-35973.23441239274,71428.11625023762,127655.31417262544,0.0063827657086312,71428.11625023762,107401.35066262746,71428.11625023762,107401.35066263037,4.1486027115037,6.237957235455634,4.1486027115037,6.237957235455803,7.5,3.75,4.1486027115037,6.237957235455634,4.1486027115037,6.237957235455803,6.237957235455634,6.237957235455803,7.5,6.237957235455634,6.237957235455803,phi 12.5 c/ 20.0 cm,phi 12.5 c/ 17.5 cm,phi 12.5 c/ 20.0 cm,phi 12.5 c/ 17.5 cm
89,9.5,8.5,-12766.799973518187,-41930.56577649346,55697.709215962255,110202.67093011102,0.0055101335465055,55697.709215962255,68464.50918948045,55697.709215962255,97628.27499245571,3.234967959512959,3.9764740185809346,3.234967959512959,5.670329103097174,7.5,3.75,3.75,3.9764740185809346,3.75,5.670329103097174,3.9764740185809346,5.670329103097174,7.5,3.9764740185809346,5.670329103097174,phi 12.5 c/ 20.0 cm,phi 12.5 c/ 20.0 cm,phi 12.5 c/ 20.0 cm,phi 12.5 c/ 20.0 cm
90,0.5,9.5,-16763.282800855894,-16763.282800855683,-40426.163448486965,97013.71601219132,0.0048506858006095,40426.163448486965,57189.44624934286,40426.163448486965,57189.44624934265,2.3479842406949496,3.3216092518557714,2.3479842406949496,3.3216092518557594,7.5,3.75,3.75,3.75,3.75,3.75,3.3216092518557714,3.3216092518557594,7.5,3.75,3.75,phi 12.5 c/ 20.0 cm,phi 12.5 c/ 20.0 cm,phi 12.5 c/ 20.0 cm,phi 12.5 c/ 20.0 cm
91,1.5,9.5,-41930.565776499134,-12766.799973521418,-55697.70921596463,110202.67093012865,0.0055101335465064,55697.70921596463,97628.27499246376,55697.70921596463,68464.50918948604,3.2349679595130967,5.670329103097642,3.2349679595130967,3.9764740185812593,7.5,3.75,3.75,5.670329103097642,3.75,3.9764740185812593,5.670329103097642,3.9764740185812593,7.5,5.670329103097642,3.9764740185812593,phi 12.5 c/ 20.0 cm,phi 12.5 c/ 20.0 cm,phi 12.5 c/ 20.0 cm,phi 12.5 c/ 20.0 cm
92,2.5,9.5,-57346.42393165507,-7891.118364797168,-55489.118871865394,121051.94633929328,0.0060525973169646,55489.118871865394,112835.54280352045,55489.118871865394,63380.237236662564,3.2228528637699596,6.553579506265076,3.2228528637699596,3.6811753950586836,7.5,3.75,3.75,6.553579506265076,3.75,3.75,6.553579506265076,3.6811753950586836,7.5,6.553579506265076,3.75,phi 12.5 c/ 20.0 cm,phi 12.5 c/ 17.5 cm,phi 12.5 c/ 20.0 cm,phi 12.5 c/ 20.0 cm
93,3.5,9.5,-64643.3307106231,-2707.532646625028,-41279.6712695891,128642.35757335238,0.0064321178786676,41279.6712695891,105923.0019802122,41279.6712695891,43987.20391621412,2.397556664647851,6.152093549355759,2.397556664647851,2.5548123486690018,7.5,3.75,3.75,6.152093549355759,3.75,3.75,6.152093549355759,2.5548123486690018,7.5,6.152093549355759,3.75,phi 12.5 c/ 20.0 cm,phi 12.5 c/ 17.5 cm,phi 12.5 c/ 20.0 cm,phi 12.5 c/ 20.0 cm
94,4.5,9.5,-67238.88368163793,1085.6428434968784,-15258.694920280488,132520.34553590283,0.0066260172767951,15258.694920280488,82497.57860191842,16344.337763777366,15258.694920280488,0.8862373312284121,4.791526029909402,0.949292344865857,0.8862373312284121,7.5,3.75,3.75,4.791526029909402,3.75,3.75,4.791526029909402,0.949292344865857,7.5,4.791526029909402,3.75,phi 12.5 c/ 20.0 cm,phi 12.5 c/ 20.0 cm,phi 12.5 c/ 20.0 cm,phi 12.5 c/ 20.0 cm
95,5.5,9.5,-67238.88368163312,1085.6428434981665,15258.694920273772,132520.3455359001,0.006626017276795,15258.694920273772,82497.57860190689,16344.337763771939,15258.694920273772,0.8862373312280221,4.791526029908733,0.9492923448655418,0.8862373312280221,7.5,3.75,3.75,4.791526029908733,3.75,3.75,4.791526029908733,0.9492923448655418,7.5,4.791526029908733,3.75,phi 12.5 c/ 20.0 cm,phi 12.5 c/ 20.0 cm,phi 12.5 c/ 20.0 cm,phi 12.5 c/ 20.0 cm
96,6.5,9.5,-64643.33071061315,-2707.5326466236493,41279.6712695824,128642.35757334428,0.0064321178786672,41279.6712695824,105923.00198019555,41279.6712695824,43987.203916206054,2.3975566646474626,6.152093549354792,2.3975566646474626,2.554812348668533,7.5,3.75,3.75,6.152093549354792,3.75,3.75,6.152093549354792,2.554812348668533,7.5,6.152093549354792,3.75,phi 12.5 c/ 20.0 cm,phi 12.5 c/ 17.5 cm,phi 12.5 c/ 20.0 cm,phi 12.5 c/ 20.0 cm
97,7.5,9.5,-57346.4239316421,-7891.118364795009,55489.11887186315,121051.94633928046,0.006052597316964,55489.11887186315,112835.54280350526,55489.11887186315,63380.23723665816,3.222852863769829,6.553579506264193,3.222852863769829,3.6811753950584283,7.5,3.75,3.75,6.553579506264193,3.75,3.75,6.553579506264193,3.6811753950584283,7.5,6.553579506264193,3.75,phi 12.5 c/ 20.0 cm,phi 12.5 c/ 17.5 cm,phi 12.5 c/ 20.0 cm,phi 12.5 c/ 20.0 cm
98,8.5,9.5,-41930.56577648993,-12766.799973517824,55697.70921596103,110202.67093011182,0.0055101335465055,55697.70921596103,97628.27499245096,55697.70921596103,68464.50918947885,3.234967959512888,5.670329103096898,3.234967959512888,3.976474018580842,7.5,3.75,3.75,5.670329103096898,3.75,3.976474018580842,5.670329103096898,3.976474018580842,7.5,5.670329103096898,3.976474018580842,phi 12.5 c/ 20.0 cm,phi 12.5 c/ 20.0 cm,phi 12.5 c/ 20.0 cm,phi 12.5 c/ 20.0 cm
99,9.5,9.5,-16763.28280085242,-16763.282800854482,40426.163448479776,97013.716012171,0.0048506858006085,40426.163448479776,57189.44624933219,40426.163448479776,57189.44624933426,2.347984240694532,3.3216092518551523,2.347984240694532,3.3216092518552722,7.5,3.75,3.75,3.75,3.75,3.75,3.3216092518551523,3.3216092518552722,7.5,3.75,3.75,phi 12.5 c/ 20.0 cm,phi 12.5 c/ 20.0 cm,phi 12.5 c/ 20.0 cm,phi 12.5 c/ 20.0 cm
